underlying,underlying_price,put_call,option_symbol,root,expiry,dte_key,days_to_expiration,strike,bid,ask,mid,last,mark,volume,open_interest,iv,delta,gamma,theta,vega,rho,intrinsic_value,extrinsic_value,in_the_money,expiration_type,exercise_type,interest_rate_chain,base_chain_iv
AAPL,276.97,CALL,AAPL  251128C00265000,AAPL,2025-11-28,3,3,265.0,11.6,12.4,12.0,12.35,12.0,2307,4590,26.985,0.968,0.011,-0.073,0.018,0.02,11.97,0.38,True,W,A,3.732,29.0
AAPL,276.97,CALL,AAPL  251128C00267500,AAPL,2025-11-28,3,3,267.5,9.5,9.95,9.725,10.35,9.73,352,2163,24.09,0.949,0.018,-0.099,0.026,0.02,9.47,0.88,True,W,A,3.732,29.0
AAPL,276.97,CALL,AAPL  251128C00270000,AAPL,2025-11-28,3,3,270.0,7.2,7.5,7.35,7.31,7.35,3898,10897,21.656,0.909,0.031,-0.146,0.041,0.02,6.97,0.34,True,W,A,3.732,29.0
AAPL,276.97,CALL,AAPL  251128C00272500,AAPL,2025-11-28,3,3,272.5,4.95,5.15,5.050000000000001,5.05,5.05,2378,8872,19.776,0.825,0.053,-0.225,0.064,0.018,4.47,0.58,True,W,A,3.732,29.0
AAPL,276.97,CALL,AAPL  251128C00275000,AAPL,2025-11-28,3,3,275.0,3.05,3.15,3.0999999999999996,3.07,3.1,11643,22492,18.398,0.673,0.079,-0.311,0.089,0.015,1.97,1.1,True,W,A,3.732,29.0
AAPL,276.97,CALL,AAPL  251128C00277500,AAPL,2025-11-28,3,3,277.5,1.52,1.57,1.545,1.55,1.55,26777,30508,18.05,0.459,0.089,-0.339,0.098,0.01,-0.53,2.08,False,W,A,3.732,29.0
AAPL,276.97,CALL,AAPL  251128C00280000,AAPL,2025-11-28,3,3,280.0,0.6,0.64,0.62,0.63,0.62,115481,55097,17.316,0.246,0.073,-0.243,0.078,0.005,-3.03,3.66,False,W,A,3.732,29.0
AAPL,276.97,CALL,AAPL  251128C00282500,AAPL,2025-11-28,3,3,282.5,0.21,0.22,0.215,0.22,0.22,112624,13609,17.435,0.105,0.042,-0.125,0.045,0.002,-5.53,5.75,False,W,A,3.732,29.0
AAPL,276.97,CALL,AAPL  251128C00285000,AAPL,2025-11-28,3,3,285.0,0.07,0.08,0.07500000000000001,0.08,0.08,49883,17333,18.269,0.041,0.02,-0.055,0.022,0.001,-8.03,8.11,False,W,A,3.732,29.0
AAPL,276.97,CALL,AAPL  251128C00287500,AAPL,2025-11-28,3,3,287.5,0.03,0.04,0.035,0.04,0.04,23802,7655,20.051,0.019,0.009,-0.028,0.012,0.0,-10.53,10.57,False,W,A,3.732,29.0
AAPL,276.97,CALL,AAPL  251205C00265000,AAPL,2025-12-05,10,10,265.0,12.9,13.75,13.325,13.1,13.33,203,1007,23.787,0.877,0.019,-0.122,0.093,0.063,11.97,1.13,True,W,A,3.732,29.0
AAPL,276.97,CALL,AAPL  251205C00267500,AAPL,2025-12-05,10,10,267.5,10.65,11.35,11.0,10.76,11.0,175,766,22.736,0.832,0.024,-0.143,0.115,0.06,9.47,1.29,True,W,A,3.732,29.0
AAPL,276.97,CALL,AAPL  251205C00270000,AAPL,2025-12-05,10,10,270.0,8.55,8.8,8.675,8.75,8.68,671,4146,21.748,0.771,0.031,-0.163,0.138,0.056,6.97,1.78,True,W,A,3.732,29.0
AAPL,276.97,CALL,AAPL  251205C00272500,AAPL,2025-12-05,10,10,272.5,6.7,6.85,6.775,7.2,6.78,1210,2362,20.933,0.693,0.037,-0.182,0.161,0.05,4.47,2.73,True,W,A,3.732,29.0
AAPL,276.97,CALL,AAPL  251205C00275000,AAPL,2025-12-05,10,10,275.0,5.0,5.15,5.075,5.05,5.08,3250,6674,20.151,0.597,0.042,-0.192,0.177,0.044,1.97,3.08,True,W,A,3.732,29.0
AAPL,276.97,CALL,AAPL  251205C00277500,AAPL,2025-12-05,10,10,277.5,3.55,3.65,3.5999999999999996,3.56,3.6,3038,2163,20.836,0.49,0.042,-0.203,0.182,0.036,-0.53,4.09,False,W,A,3.732,29.0
AAPL,276.97,CALL,AAPL  251205C00280000,AAPL,2025-12-05,10,10,280.0,2.37,2.42,2.395,2.39,2.4,21186,15069,20.015,0.382,0.042,-0.185,0.174,0.028,-3.03,5.42,False,W,A,3.732,29.0
AAPL,276.97,CALL,AAPL  251205C00282500,AAPL,2025-12-05,10,10,282.5,1.48,1.52,1.5,1.5,1.5,10954,3076,19.408,0.278,0.038,-0.156,0.153,0.021,-5.53,7.03,False,W,A,3.732,29.0
AAPL,276.97,CALL,AAPL  251205C00285000,AAPL,2025-12-05,10,10,285.0,0.87,0.89,0.88,0.89,0.88,7018,11063,18.948,0.188,0.031,-0.12,0.123,0.014,-8.03,8.92,False,W,A,3.732,29.0
AAPL,276.97,CALL,AAPL  251205C00287500,AAPL,2025-12-05,10,10,287.5,0.49,0.5,0.495,0.49,0.5,7991,1531,18.737,0.119,0.023,-0.086,0.091,0.009,-10.53,11.02,False,W,A,3.732,29.0
AAPL,276.97,CALL,AAPL  251212C00265000,AAPL,2025-12-12,17,17,265.0,13.9,14.2,14.05,14.78,14.05,15,1063,23.528,0.819,0.019,-0.117,0.157,0.099,11.97,2.81,True,W,A,3.732,29.0
AAPL,276.97,CALL,AAPL  251212C00267500,AAPL,2025-12-12,17,17,267.5,11.85,12.0,11.925,12.35,11.93,790,26,22.778,0.772,0.022,-0.129,0.18,0.094,9.47,2.88,True,W,A,3.732,29.0
AAPL,276.97,CALL,AAPL  251212C00270000,AAPL,2025-12-12,17,17,270.0,9.9,10.05,9.975000000000001,10.4,9.98,334,2457,22.062,0.717,0.026,-0.14,0.202,0.088,6.97,3.43,True,W,A,3.732,29.0
AAPL,276.97,CALL,AAPL  251212C00272500,AAPL,2025-12-12,17,17,272.5,8.1,8.25,8.175,8.6,8.18,280,270,21.42,0.651,0.029,-0.148,0.221,0.08,4.47,4.13,True,W,A,3.732,29.0
AAPL,276.97,CALL,AAPL  251212C00275000,AAPL,2025-12-12,17,17,275.0,6.45,6.6,6.525,6.55,6.53,551,2865,20.729,0.578,0.032,-0.15,0.233,0.071,1.97,4.58,True,W,A,3.732,29.0
AAPL,276.97,CALL,AAPL  251212C00277500,AAPL,2025-12-12,17,17,277.5,5.0,5.15,5.075,5.05,5.08,1887,1099,20.088,0.496,0.033,-0.148,0.238,0.062,-0.53,5.58,False,W,A,3.732,29.0
AAPL,276.97,CALL,AAPL  251212C00280000,AAPL,2025-12-12,17,17,280.0,3.75,3.85,3.8,3.82,3.8,2877,3699,21.364,0.42,0.031,-0.153,0.233,0.052,-3.03,6.85,False,W,A,3.732,29.0
AAPL,276.97,CALL,AAPL  251212C00282500,AAPL,2025-12-12,17,17,282.5,2.76,2.81,2.785,2.84,2.79,1438,289,20.904,0.343,0.03,-0.14,0.219,0.043,-5.53,8.37,False,W,A,3.732,29.0
AAPL,276.97,CALL,AAPL  251212C00285000,AAPL,2025-12-12,17,17,285.0,1.95,1.99,1.97,1.97,1.97,1315,12403,20.477,0.27,0.027,-0.123,0.197,0.034,-8.03,10.0,False,W,A,3.732,29.0
AAPL,276.97,CALL,AAPL  251212C00287500,AAPL,2025-12-12,17,17,287.5,1.33,1.37,1.35,1.34,1.35,880,624,20.139,0.204,0.024,-0.103,0.169,0.026,-10.53,11.87,False,W,A,3.732,29.0
AAPL,276.97,CALL,AAPL  251219C00265000,AAPL,2025-12-19,24,24,265.0,14.9,15.1,15.0,15.0,15.0,468,18503,23.669,0.779,0.018,-0.109,0.211,0.132,11.97,3.03,True,S,A,3.732,29.0
AAPL,276.97,CALL,AAPL  251219C00267500,AAPL,2025-12-19,24,24,267.5,12.85,13.1,12.975,13.17,12.98,134,11,22.975,0.736,0.02,-0.116,0.232,0.125,9.47,3.7,True,S,A,3.732,29.0
AAPL,276.97,CALL,AAPL  251219C00270000,AAPL,2025-12-19,24,24,270.0,11.0,11.15,11.075,11.15,11.08,1424,31065,22.265,0.686,0.022,-0.122,0.252,0.118,6.97,4.18,True,S,A,3.732,29.0
AAPL,276.97,CALL,AAPL  251219C00272500,AAPL,2025-12-19,24,24,272.5,9.3,9.45,9.375,9.52,9.38,117,222,21.66,0.63,0.025,-0.126,0.268,0.109,4.47,5.05,True,S,A,3.732,29.0
AAPL,276.97,CALL,AAPL  251219C00275000,AAPL,2025-12-19,24,24,275.0,7.65,7.8,7.725,7.71,7.73,2214,23456,21.085,0.567,0.026,-0.127,0.279,0.098,1.97,5.74,True,S,A,3.732,29.0
AAPL,276.97,CALL,AAPL  251219C00277500,AAPL,2025-12-19,24,24,277.5,6.2,6.4,6.300000000000001,6.28,6.3,1100,1112,20.57,0.5,0.027,-0.126,0.283,0.087,-0.53,6.81,False,S,A,3.732,29.0
AAPL,276.97,CALL,AAPL  251219C00280000,AAPL,2025-12-19,24,24,280.0,4.95,5.1,5.025,5.01,5.03,5491,31707,22.398,0.44,0.025,-0.135,0.28,0.076,-3.03,8.04,False,S,A,3.732,29.0
AAPL,276.97,CALL,AAPL  251219C00282500,AAPL,2025-12-19,24,24,282.5,3.85,4.0,3.925,3.91,3.93,1517,289,21.905,0.376,0.024,-0.126,0.269,0.066,-5.53,9.44,False,S,A,3.732,29.0
AAPL,276.97,CALL,AAPL  251219C00285000,AAPL,2025-12-19,24,24,285.0,2.97,3.05,3.01,2.99,3.01,3197,19233,21.511,0.315,0.023,-0.116,0.252,0.055,-8.03,11.02,False,S,A,3.732,29.0
AAPL,276.97,CALL,AAPL  251219C00287500,AAPL,2025-12-19,24,24,287.5,2.22,2.28,2.25,2.37,2.25,1196,554,21.127,0.257,0.022,-0.103,0.228,0.045,-10.53,12.9,False,S,A,3.732,29.0
AAPL,276.97,CALL,AAPL  251226C00255000,AAPL,2025-12-26,31,31,255.0,24.05,24.45,24.25,26.09,24.25,6,132,25.381,0.878,0.01,-0.072,0.163,0.186,21.97,4.12,True,W,A,3.732,29.0
AAPL,276.97,CALL,AAPL  251226C00260000,AAPL,2025-12-26,31,31,260.0,19.65,20.0,19.825,20.45,19.83,148,181,24.009,0.829,0.013,-0.084,0.205,0.178,16.97,3.48,True,W,A,3.732,29.0
AAPL,276.97,CALL,AAPL  251226C00265000,AAPL,2025-12-26,31,31,265.0,15.45,15.95,15.7,16.3,15.7,39,1597,23.069,0.759,0.017,-0.098,0.252,0.165,11.97,4.33,True,W,A,3.732,29.0
AAPL,276.97,CALL,AAPL  251226C00270000,AAPL,2025-12-26,31,31,270.0,11.75,11.95,11.85,11.75,11.85,477,994,21.442,0.674,0.021,-0.105,0.291,0.149,6.97,4.78,True,W,A,3.732,29.0
AAPL,276.97,CALL,AAPL  251226C00275000,AAPL,2025-12-26,31,31,275.0,8.45,8.6,8.524999999999999,8.5,8.52,952,1639,20.406,0.564,0.024,-0.109,0.318,0.126,1.97,6.53,True,W,A,3.732,29.0
AAPL,276.97,CALL,AAPL  251226C00280000,AAPL,2025-12-26,31,31,280.0,5.7,5.9,5.800000000000001,6.1,5.8,1178,941,22.082,0.449,0.022,-0.117,0.319,0.1,-3.03,9.13,False,W,A,3.732,29.0
AAPL,276.97,CALL,AAPL  251226C00285000,AAPL,2025-12-26,31,31,285.0,3.6,3.75,3.675,3.67,3.68,681,1231,21.17,0.336,0.021,-0.103,0.294,0.076,-8.03,11.7,False,W,A,3.732,29.0
AAPL,276.97,CALL,AAPL  251226C00290000,AAPL,2025-12-26,31,31,290.0,2.11,2.24,2.175,2.21,2.17,752,2102,20.49,0.233,0.019,-0.083,0.246,0.053,-13.03,15.24,False,W,A,3.732,29.0
AAPL,276.97,CALL,AAPL  251226C00295000,AAPL,2025-12-26,31,31,295.0,1.22,1.29,1.255,1.29,1.25,327,802,20.275,0.152,0.014,-0.063,0.189,0.035,-18.03,19.32,False,W,A,3.732,29.0
AAPL,276.97,CALL,AAPL  251226C00300000,AAPL,2025-12-26,31,31,300.0,0.67,0.72,0.6950000000000001,0.68,0.7,3821,724,20.199,0.094,0.01,-0.044,0.135,0.021,-23.03,23.71,False,W,A,3.732,29.0
AAPL,276.97,CALL,AAPL  260102C00255000,AAPL,2026-01-02,38,38,255.0,23.65,25.35,24.5,26.62,24.5,4,45,24.813,0.861,0.01,-0.069,0.198,0.223,21.97,4.65,True,W,A,3.732,29.0
AAPL,276.97,CALL,AAPL  260102C00260000,AAPL,2026-01-02,38,38,260.0,20.3,20.9,20.6,22.8,20.6,20,339,23.578,0.811,0.013,-0.08,0.242,0.213,16.97,5.83,True,W,A,3.732,29.0
AAPL,276.97,CALL,AAPL  260102C00265000,AAPL,2026-01-02,38,38,265.0,16.3,16.8,16.55,16.9,16.55,21,190,22.379,0.746,0.016,-0.089,0.287,0.198,11.97,4.93,True,W,A,3.732,29.0
AAPL,276.97,CALL,AAPL  260102C00270000,AAPL,2026-01-02,38,38,270.0,12.6,12.9,12.75,13.2,12.75,226,430,21.396,0.661,0.019,-0.096,0.327,0.178,6.97,6.23,True,W,A,3.732,29.0
AAPL,276.97,CALL,AAPL  260102C00275000,AAPL,2026-01-02,38,38,275.0,9.3,9.65,9.475000000000001,9.45,9.48,460,505,20.524,0.561,0.022,-0.099,0.352,0.153,1.97,7.48,True,W,A,3.732,29.0
AAPL,276.97,CALL,AAPL  260102C00280000,AAPL,2026-01-02,38,38,280.0,6.6,6.9,6.75,6.75,6.75,359,571,22.585,0.459,0.02,-0.109,0.354,0.125,-3.03,9.78,False,W,A,3.732,29.0
AAPL,276.97,CALL,AAPL  260102C00285000,AAPL,2026-01-02,38,38,285.0,4.45,4.65,4.550000000000001,4.67,4.55,305,355,21.736,0.359,0.019,-0.098,0.334,0.098,-8.03,12.7,False,W,A,3.732,29.0
AAPL,276.97,CALL,AAPL  260102C00290000,AAPL,2026-01-02,38,38,290.0,2.85,2.95,2.9000000000000004,3.1,2.9,299,1265,21.04,0.263,0.017,-0.083,0.292,0.073,-13.03,16.13,False,W,A,3.732,29.0
AAPL,276.97,CALL,AAPL  260102C00295000,AAPL,2026-01-02,38,38,295.0,1.73,1.82,1.775,1.83,1.78,168,215,20.611,0.183,0.014,-0.065,0.236,0.051,-18.03,19.86,False,W,A,3.732,29.0
AAPL,276.97,CALL,AAPL  260102C00300000,AAPL,2026-01-02,38,38,300.0,1.02,1.09,1.0550000000000002,1.05,1.06,580,712,20.405,0.121,0.011,-0.049,0.18,0.034,-23.03,24.08,False,W,A,3.732,29.0
AAPL,276.97,CALL,AAPL  260116C00255000,AAPL,2026-01-16,52,52,255.0,26.2,26.4,26.299999999999997,26.28,26.3,224,33399,24.905,0.828,0.01,-0.071,0.267,0.291,21.97,4.31,True,S,A,3.732,29.0
AAPL,276.97,CALL,AAPL  260116C00260000,AAPL,2026-01-16,52,52,260.0,22.05,22.25,22.15,22.2,22.15,395,61324,23.898,0.778,0.012,-0.078,0.312,0.277,16.97,5.23,True,S,A,3.732,29.0
AAPL,276.97,CALL,AAPL  260116C00265000,AAPL,2026-01-16,52,52,265.0,18.2,18.4,18.299999999999997,18.55,18.3,2578,33638,22.904,0.717,0.014,-0.084,0.354,0.259,11.97,6.58,True,S,A,3.732,29.0
AAPL,276.97,CALL,AAPL  260116C00270000,AAPL,2026-01-16,52,52,270.0,14.6,14.8,14.7,14.66,14.7,4946,88916,21.964,0.644,0.016,-0.088,0.39,0.235,6.97,7.69,True,S,A,3.732,29.0
AAPL,276.97,CALL,AAPL  260116C00275000,AAPL,2026-01-16,52,52,275.0,11.35,11.6,11.475,11.47,11.48,1225,20671,21.154,0.56,0.018,-0.089,0.413,0.206,1.97,9.5,True,S,A,3.732,29.0
AAPL,276.97,CALL,AAPL  260116C00280000,AAPL,2026-01-16,52,52,280.0,8.6,8.8,8.7,8.68,8.7,2578,42711,23.754,0.477,0.016,-0.1,0.416,0.175,-3.03,11.71,False,S,A,3.732,29.0
AAPL,276.97,CALL,AAPL  260116C00285000,AAPL,2026-01-16,52,52,285.0,6.3,6.45,6.375,6.4,6.38,1856,23194,22.971,0.394,0.016,-0.093,0.402,0.146,-8.03,14.43,False,S,A,3.732,29.0
AAPL,276.97,CALL,AAPL  260116C00290000,AAPL,2026-01-16,52,52,290.0,4.45,4.6,4.525,4.55,4.53,16122,71724,22.355,0.314,0.015,-0.083,0.371,0.117,-13.03,17.58,False,S,A,3.732,29.0
AAPL,276.97,CALL,AAPL  260116C00295000,AAPL,2026-01-16,52,52,295.0,3.05,3.15,3.0999999999999996,3.15,3.1,1270,9891,21.841,0.24,0.014,-0.07,0.325,0.09,-18.03,21.18,False,S,A,3.732,29.0
AAPL,276.97,CALL,AAPL  260116C00300000,AAPL,2026-01-16,52,52,300.0,2.08,2.11,2.0949999999999998,2.1,2.09,3928,52777,21.581,0.178,0.012,-0.058,0.273,0.067,-23.03,25.13,False,S,A,3.732,29.0
AAPL,276.97,CALL,AAPL  260220C00255000,AAPL,2026-02-20,87,87,255.0,29.7,29.95,29.825,30.27,29.83,602,44838,26.305,0.764,0.009,-0.066,0.417,0.438,21.97,8.3,True,S,A,3.732,29.0
AAPL,276.97,CALL,AAPL  260220C00260000,AAPL,2026-02-20,87,87,260.0,25.9,26.1,26.0,26.05,26.0,117,9717,25.494,0.719,0.01,-0.069,0.456,0.418,16.97,9.08,True,S,A,3.732,29.0
AAPL,276.97,CALL,AAPL  260220C00265000,AAPL,2026-02-20,87,87,265.0,22.3,22.5,22.4,22.41,22.4,84,7370,24.649,0.669,0.011,-0.072,0.491,0.394,11.97,10.44,True,S,A,3.732,29.0
AAPL,276.97,CALL,AAPL  260220C00270000,AAPL,2026-02-20,87,87,270.0,18.95,19.2,19.075,19.15,19.08,1459,12457,23.867,0.613,0.012,-0.073,0.518,0.365,6.97,12.18,True,S,A,3.732,29.0
AAPL,276.97,CALL,AAPL  260220C00275000,AAPL,2026-02-20,87,87,275.0,15.85,16.1,15.975000000000001,16.0,15.98,707,15548,23.082,0.552,0.013,-0.073,0.535,0.332,1.97,14.03,True,S,A,3.732,29.0
AAPL,276.97,CALL,AAPL  260220C00280000,AAPL,2026-02-20,87,87,280.0,13.1,13.3,13.2,13.2,13.2,1380,7782,26.81,0.497,0.011,-0.085,0.54,0.296,-3.03,16.23,False,S,A,3.732,29.0
AAPL,276.97,CALL,AAPL  260220C00285000,AAPL,2026-02-20,87,87,285.0,10.65,10.85,10.75,10.88,10.75,419,6881,26.13,0.44,0.011,-0.082,0.533,0.264,-8.03,18.91,False,S,A,3.732,29.0
AAPL,276.97,CALL,AAPL  260220C00290000,AAPL,2026-02-20,87,87,290.0,8.55,8.7,8.625,8.65,8.63,1089,6822,25.54,0.383,0.011,-0.077,0.516,0.232,-13.03,21.68,False,S,A,3.732,29.0
AAPL,276.97,CALL,AAPL  260220C00295000,AAPL,2026-02-20,87,87,295.0,6.75,6.9,6.825,6.85,6.83,401,5175,25.047,0.328,0.011,-0.072,0.488,0.2,-18.03,24.88,False,S,A,3.732,29.0
AAPL,276.97,CALL,AAPL  260220C00300000,AAPL,2026-02-20,87,87,300.0,5.3,5.4,5.35,5.35,5.35,6587,12405,24.683,0.276,0.01,-0.065,0.452,0.169,-23.03,28.38,False,S,A,3.732,29.0
AAPL,276.97,CALL,AAPL  260320C00230000,AAPL,2026-03-20,115,115,230.0,52.7,53.15,52.925,53.86,52.93,22,6585,30.194,0.883,0.004,-0.042,0.307,0.612,46.97,6.89,True,S,A,3.732,29.0
AAPL,276.97,CALL,AAPL  260320C00240000,AAPL,2026-03-20,115,115,240.0,44.05,44.5,44.275,45.12,44.28,65,12220,28.442,0.838,0.006,-0.049,0.383,0.6,36.97,8.15,True,S,A,3.732,29.0
AAPL,276.97,CALL,AAPL  260320C00250000,AAPL,2026-03-20,115,115,250.0,35.85,36.15,36.0,36.25,36.0,275,13527,26.756,0.778,0.007,-0.055,0.463,0.574,26.97,9.28,True,S,A,3.732,29.0
AAPL,276.97,CALL,AAPL  260320C00260000,AAPL,2026-03-20,115,115,260.0,28.3,28.55,28.425,29.1,28.43,283,10311,25.32,0.7,0.009,-0.061,0.541,0.53,16.97,12.13,True,S,A,3.732,29.0
AAPL,276.97,CALL,AAPL  260320C00270000,AAPL,2026-03-20,115,115,270.0,21.5,21.8,21.65,21.77,21.65,329,11633,23.808,0.604,0.01,-0.063,0.599,0.468,6.97,14.8,True,S,A,3.732,29.0
AAPL,276.97,CALL,AAPL  260320C00280000,AAPL,2026-03-20,115,115,280.0,15.7,15.95,15.825,15.92,15.83,980,28331,22.391,0.493,0.011,-0.061,0.62,0.39,-3.03,18.95,False,S,A,3.732,29.0
AAPL,276.97,CALL,AAPL  260320C00290000,AAPL,2026-03-20,115,115,290.0,11.0,11.2,11.1,11.07,11.1,658,10437,26.4,0.409,0.009,-0.07,0.604,0.321,-13.03,24.1,False,S,A,3.732,29.0
AAPL,276.97,CALL,AAPL  260320C00300000,AAPL,2026-03-20,115,115,300.0,7.4,7.55,7.475,7.5,7.48,2146,12267,25.47,0.315,0.009,-0.062,0.552,0.251,-23.03,30.53,False,S,A,3.732,29.0
AAPL,276.97,CALL,AAPL  260320C00310000,AAPL,2026-03-20,115,115,310.0,4.85,4.95,4.9,5.1,4.9,325,3802,24.891,0.232,0.008,-0.052,0.474,0.187,-33.03,38.13,False,S,A,3.732,29.0
AAPL,276.97,CALL,AAPL  260320C00320000,AAPL,2026-03-20,115,115,320.0,3.1,3.2,3.1500000000000004,3.25,3.15,524,9558,24.577,0.165,0.007,-0.042,0.386,0.134,-43.03,46.28,False,S,A,3.732,29.0
AAPL,276.97,CALL,AAPL  260417C00255000,AAPL,2026-04-17,143,143,255.0,34.1,34.35,34.225,34.57,34.23,29,848,25.704,0.727,0.007,-0.053,0.577,0.668,21.97,12.6,True,S,A,3.732,29.0
AAPL,276.97,CALL,AAPL  260417C00260000,AAPL,2026-04-17,143,143,260.0,30.45,30.75,30.6,31.02,30.6,314,4679,25.116,0.688,0.008,-0.055,0.614,0.64,16.97,14.05,True,S,A,3.732,29.0
AAPL,276.97,CALL,AAPL  260417C00265000,AAPL,2026-04-17,143,143,265.0,27.05,27.3,27.175,27.45,27.18,25,1480,24.312,0.646,0.009,-0.056,0.645,0.609,11.97,15.48,True,S,A,3.732,29.0
AAPL,276.97,CALL,AAPL  260417C00270000,AAPL,2026-04-17,143,143,270.0,23.8,24.05,23.925,25.17,23.93,35,3142,23.665,0.6,0.009,-0.057,0.67,0.572,6.97,18.2,True,S,A,3.732,29.0
AAPL,276.97,CALL,AAPL  260417C00275000,AAPL,2026-04-17,143,143,275.0,20.8,21.0,20.9,21.0,20.9,72,2834,22.951,0.552,0.01,-0.056,0.686,0.531,1.97,19.03,True,S,A,3.732,29.0
AAPL,276.97,CALL,AAPL  260417C00280000,AAPL,2026-04-17,143,143,280.0,18.05,18.2,18.125,18.14,18.13,390,2722,22.509,0.501,0.01,-0.056,0.692,0.486,-3.03,21.17,False,S,A,3.732,29.0
AAPL,276.97,CALL,AAPL  260417C00285000,AAPL,2026-04-17,143,143,285.0,15.5,15.65,15.575,16.35,15.58,65,3856,27.411,0.47,0.008,-0.067,0.69,0.449,-8.03,24.38,False,S,A,3.732,29.0
AAPL,276.97,CALL,AAPL  260417C00290000,AAPL,2026-04-17,143,143,290.0,13.2,13.35,13.274999999999999,13.9,13.27,79,4833,26.846,0.427,0.008,-0.065,0.68,0.411,-13.03,26.93,False,S,A,3.732,29.0
AAPL,276.97,CALL,AAPL  260417C00295000,AAPL,2026-04-17,143,143,295.0,11.15,11.3,11.225000000000001,11.5,11.23,79,5820,26.345,0.385,0.008,-0.062,0.662,0.373,-18.03,29.53,False,S,A,3.732,29.0
AAPL,276.97,CALL,AAPL  260417C00300000,AAPL,2026-04-17,143,143,300.0,9.4,9.55,9.475000000000001,9.82,9.48,287,5576,25.993,0.343,0.008,-0.059,0.638,0.335,-23.03,32.85,False,S,A,3.732,29.0
AAPL,276.97,CALL,AAPL  260515C00230000,AAPL,2026-05-15,171,171,230.0,55.95,56.35,56.150000000000006,56.79,56.15,20,1098,29.738,0.845,0.004,-0.04,0.451,0.852,46.97,9.82,True,S,A,3.732,29.0
AAPL,276.97,CALL,AAPL  260515C00240000,AAPL,2026-05-15,171,171,240.0,47.85,48.15,48.0,49.47,48.0,40,4860,28.254,0.8,0.005,-0.044,0.531,0.832,36.97,12.5,True,S,A,3.732,29.0
AAPL,276.97,CALL,AAPL  260515C00250000,AAPL,2026-05-15,171,171,250.0,40.1,40.4,40.25,41.66,40.25,436,2678,26.877,0.742,0.006,-0.048,0.612,0.795,26.97,14.69,True,S,A,3.732,29.0
AAPL,276.97,CALL,AAPL  260515C00260000,AAPL,2026-05-15,171,171,260.0,32.8,33.2,33.0,33.87,33.0,63,2893,25.53,0.674,0.007,-0.051,0.683,0.741,16.97,16.9,True,S,A,3.732,29.0
AAPL,276.97,CALL,AAPL  260515C00270000,AAPL,2026-05-15,171,171,270.0,26.45,26.65,26.549999999999997,27.23,26.55,98,2991,24.224,0.594,0.008,-0.052,0.735,0.668,6.97,20.26,True,S,A,3.732,29.0
AAPL,276.97,CALL,AAPL  260515C00280000,AAPL,2026-05-15,171,171,280.0,20.75,20.9,20.825,21.0,20.83,120,2414,23.003,0.505,0.009,-0.051,0.756,0.579,-3.03,24.03,False,S,A,3.732,29.0
AAPL,276.97,CALL,AAPL  260515C00290000,AAPL,2026-05-15,171,171,290.0,15.85,16.0,15.925,17.0,15.93,64,2678,28.218,0.444,0.007,-0.062,0.748,0.501,-13.03,30.03,False,S,A,3.732,29.0
AAPL,276.97,CALL,AAPL  260515C00300000,AAPL,2026-05-15,171,171,300.0,11.9,12.0,11.95,12.1,11.95,945,7266,27.372,0.37,0.007,-0.058,0.715,0.424,-23.03,35.13,False,S,A,3.732,29.0
AAPL,276.97,CALL,AAPL  260515C00310000,AAPL,2026-05-15,171,171,310.0,8.7,8.85,8.774999999999999,9.15,8.77,938,3361,26.688,0.3,0.007,-0.052,0.659,0.348,-33.03,42.18,False,S,A,3.732,29.0
AAPL,276.97,CALL,AAPL  260515C00320000,AAPL,2026-05-15,171,171,320.0,6.35,6.4,6.375,6.4,6.38,1913,2808,26.24,0.238,0.006,-0.045,0.586,0.278,-43.03,49.43,False,S,A,3.732,29.0
AAPL,276.97,CALL,AAPL  260618C00255000,AAPL,2026-06-18,205,205,255.0,38.55,38.85,38.7,39.1,38.7,62,3141,25.736,0.701,0.007,-0.046,0.72,0.902,21.97,17.13,True,S,A,3.732,29.0
AAPL,276.97,CALL,AAPL  260618C00260000,AAPL,2026-06-18,205,205,260.0,35.15,35.4,35.275,35.65,35.28,81,6270,25.217,0.667,0.007,-0.047,0.754,0.868,16.97,18.68,True,S,A,3.732,29.0
AAPL,276.97,CALL,AAPL  260618C00265000,AAPL,2026-06-18,205,205,265.0,31.85,32.1,31.975,32.85,31.98,54,4806,24.713,0.63,0.007,-0.048,0.783,0.83,11.97,20.88,True,S,A,3.732,29.0
AAPL,276.97,CALL,AAPL  260618C00270000,AAPL,2026-06-18,205,205,270.0,28.75,29.0,28.875,28.83,28.88,274,10394,23.93,0.592,0.008,-0.047,0.805,0.79,6.97,21.86,True,S,A,3.732,29.0
AAPL,276.97,CALL,AAPL  260618C00275000,AAPL,2026-06-18,205,205,275.0,25.75,26.05,25.9,25.95,25.9,205,4349,23.329,0.552,0.008,-0.047,0.821,0.744,1.97,23.98,True,S,A,3.732,29.0
AAPL,276.97,CALL,AAPL  260618C00280000,AAPL,2026-06-18,205,205,280.0,23.0,23.3,23.15,23.25,23.15,350,13630,22.736,0.509,0.008,-0.046,0.827,0.693,-3.03,26.28,False,S,A,3.732,29.0
AAPL,276.97,CALL,AAPL  260618C00285000,AAPL,2026-06-18,205,205,285.0,20.5,20.7,20.6,20.68,20.6,770,5136,29.083,0.492,0.007,-0.059,0.827,0.648,-8.03,28.71,False,S,A,3.732,29.0
AAPL,276.97,CALL,AAPL  260618C00290000,AAPL,2026-06-18,205,205,290.0,18.15,18.35,18.25,18.3,18.25,2579,7557,28.597,0.458,0.007,-0.058,0.823,0.609,-13.03,31.33,False,S,A,3.732,29.0
AAPL,276.97,CALL,AAPL  260618C00300000,AAPL,2026-06-18,205,205,300.0,14.0,14.2,14.1,14.45,14.1,272,15817,27.716,0.39,0.007,-0.054,0.796,0.527,-23.03,37.48,False,S,A,3.732,29.0
AAPL,276.97,CALL,AAPL  260618C00310000,AAPL,2026-06-18,205,205,310.0,10.7,10.85,10.774999999999999,10.7,10.77,123,8428,27.092,0.326,0.006,-0.05,0.747,0.445,-33.03,43.73,False,S,A,3.732,29.0
AAPL,276.97,CALL,AAPL  260717C00255000,AAPL,2026-07-17,234,234,255.0,40.0,42.4,41.2,37.13,41.2,0,0,25.198,0.693,0.006,-0.042,0.775,1.203,21.97,15.16,True,S,A,3.732,29.0
AAPL,276.97,CALL,AAPL  260717C00260000,AAPL,2026-07-17,234,234,260.0,35.8,38.95,37.375,37.46,37.38,18,0,24.627,0.661,0.007,-0.042,0.809,1.102,16.97,20.49,True,S,A,3.732,29.0
AAPL,276.97,CALL,AAPL  260717C00265000,AAPL,2026-07-17,234,234,265.0,32.5,34.7,33.6,34.5,33.6,1,198,24.649,0.625,0.007,-0.044,0.838,1.017,11.97,22.53,True,S,A,3.732,29.0
AAPL,276.97,CALL,AAPL  260717C00270000,AAPL,2026-07-17,234,234,270.0,29.25,32.6,30.925,31.85,30.93,32,335,23.464,0.59,0.007,-0.043,0.86,0.941,6.97,24.88,True,S,A,3.732,29.0
AAPL,276.97,CALL,AAPL  260717C00275000,AAPL,2026-07-17,234,234,275.0,26.3,28.85,27.575000000000003,28.92,27.58,7,13,22.932,0.551,0.008,-0.043,0.876,0.871,1.97,26.95,True,S,A,3.732,29.0
AAPL,276.97,CALL,AAPL  260717C00280000,AAPL,2026-07-17,234,234,280.0,24.75,26.15,25.45,26.61,25.45,2,11,22.389,0.511,0.008,-0.042,0.883,0.804,-3.03,29.64,False,S,A,3.732,29.0
AAPL,276.97,CALL,AAPL  260717C00285000,AAPL,2026-07-17,234,234,285.0,22.15,22.55,22.35,23.43,22.35,36,56,29.282,0.497,0.006,-0.055,0.883,0.778,-8.03,31.46,False,S,A,3.732,29.0
AAPL,276.97,CALL,AAPL  260717C00290000,AAPL,2026-07-17,234,234,290.0,19.75,20.15,19.95,21.19,19.95,126,58,28.774,0.466,0.006,-0.054,0.88,0.724,-13.03,34.22,False,S,A,3.732,29.0
AAPL,276.97,CALL,AAPL  260717C00295000,AAPL,2026-07-17,234,234,295.0,17.55,17.95,17.75,18.27,17.75,9,0,28.326,0.434,0.006,-0.053,0.872,0.672,-18.03,36.3,False,S,A,3.732,29.0
AAPL,276.97,CALL,AAPL  260717C00300000,AAPL,2026-07-17,234,234,300.0,15.55,15.95,15.75,16.77,15.75,4,15,27.939,0.402,0.006,-0.051,0.857,0.624,-23.03,39.8,False,S,A,3.732,29.0
AAPL,276.97,CALL,AAPL  260821C00230000,AAPL,2026-08-21,269,269,230.0,60.75,61.25,61.0,60.6,61.0,0,0,28.444,0.805,0.004,-0.033,0.64,0.96,46.97,13.63,True,S,A,3.732,29.0
AAPL,276.97,CALL,AAPL  260821C00240000,AAPL,2026-08-21,269,269,240.0,53.15,53.65,53.4,55.8,53.4,22,0,27.122,0.764,0.005,-0.036,0.724,1.006,36.97,18.83,True,S,A,3.732,29.0
AAPL,276.97,CALL,AAPL  260821C00250000,AAPL,2026-08-21,269,269,250.0,45.95,46.4,46.175,47.55,46.18,64,1578,26.174,0.712,0.005,-0.039,0.805,1.015,26.97,20.58,True,S,A,3.732,29.0
AAPL,276.97,CALL,AAPL  260821C00260000,AAPL,2026-08-21,269,269,260.0,39.2,39.55,39.375,40.02,39.38,14,1147,24.886,0.654,0.006,-0.04,0.873,0.995,16.97,23.05,True,S,A,3.732,29.0
AAPL,276.97,CALL,AAPL  260821C00270000,AAPL,2026-08-21,269,269,270.0,32.95,33.35,33.150000000000006,33.84,33.15,56,1426,23.79,0.588,0.007,-0.04,0.923,0.942,6.97,26.87,True,S,A,3.732,29.0
AAPL,276.97,CALL,AAPL  260821C00280000,AAPL,2026-08-21,269,269,280.0,27.4,27.65,27.525,28.15,27.53,241,2020,22.701,0.514,0.007,-0.04,0.946,0.861,-3.03,31.18,False,S,A,3.732,29.0
AAPL,276.97,CALL,AAPL  260821C00290000,AAPL,2026-08-21,269,269,290.0,22.45,22.65,22.549999999999997,23.22,22.55,56,983,29.665,0.477,0.006,-0.052,0.945,0.773,-13.03,36.25,False,S,A,3.732,29.0
AAPL,276.97,CALL,AAPL  260821C00300000,AAPL,2026-08-21,269,269,300.0,18.15,18.35,18.25,18.5,18.25,64,1349,28.834,0.419,0.006,-0.049,0.928,0.698,-23.03,41.53,False,S,A,3.732,29.0
AAPL,276.97,CALL,AAPL  260821C00310000,AAPL,2026-08-21,269,269,310.0,14.5,14.75,14.625,14.85,14.63,197,10830,28.166,0.363,0.006,-0.046,0.891,0.619,-33.03,47.88,False,S,A,3.732,29.0
AAPL,276.97,CALL,AAPL  260821C00320000,AAPL,2026-08-21,269,269,320.0,11.45,11.7,11.575,12.34,11.58,1,0,27.582,0.31,0.005,-0.043,0.838,0.538,-43.03,55.37,False,S,A,3.732,29.0
AAPL,276.97,CALL,AAPL  260918C00255000,AAPL,2026-09-18,297,297,255.0,43.7,44.5,44.1,44.23,44.1,0,0,25.323,0.68,0.006,-0.037,0.888,1.099,21.97,22.26,True,S,A,3.732,29.0
AAPL,276.97,CALL,AAPL  260918C00260000,AAPL,2026-09-18,297,297,260.0,40.85,41.15,41.0,42.0,41.0,6,3600,24.726,0.651,0.006,-0.038,0.92,1.085,16.97,25.03,True,S,A,3.732,29.0
AAPL,276.97,CALL,AAPL  260918C00265000,AAPL,2026-09-18,297,297,265.0,37.65,38.0,37.825,38.69,37.83,26,2370,24.225,0.62,0.006,-0.038,0.948,1.061,11.97,26.72,True,S,A,3.732,29.0
AAPL,276.97,CALL,AAPL  260918C00270000,AAPL,2026-09-18,297,297,270.0,34.65,35.0,34.825,35.5,34.83,10,2094,23.676,0.587,0.007,-0.038,0.97,1.03,6.97,28.53,True,S,A,3.732,29.0
AAPL,276.97,CALL,AAPL  260918C00275000,AAPL,2026-09-18,297,297,275.0,31.75,32.1,31.925,32.28,31.93,252,2699,23.15,0.553,0.007,-0.038,0.985,0.992,1.97,30.31,True,S,A,3.732,29.0
AAPL,276.97,CALL,AAPL  260918C00280000,AAPL,2026-09-18,297,297,280.0,28.9,29.35,29.125,29.59,29.13,266,3034,22.84,0.518,0.007,-0.038,0.994,0.946,-3.03,32.62,False,S,A,3.732,29.0
AAPL,276.97,CALL,AAPL  260918C00285000,AAPL,2026-09-18,297,297,285.0,26.3,26.75,26.525,28.7,26.53,63,2870,22.234,0.481,0.007,-0.037,0.994,0.895,-8.03,36.73,False,S,A,3.732,29.0
AAPL,276.97,CALL,AAPL  260918C00290000,AAPL,2026-09-18,297,297,290.0,24.05,24.3,24.175,25.25,24.18,28,4262,29.889,0.484,0.005,-0.05,0.994,0.852,-13.03,38.28,False,S,A,3.732,29.0
AAPL,276.97,CALL,AAPL  260918C00295000,AAPL,2026-09-18,297,297,295.0,21.8,22.05,21.925,23.15,21.93,6,1296,29.467,0.456,0.005,-0.049,0.989,0.816,-18.03,41.18,False,S,A,3.732,29.0
AAPL,276.97,CALL,AAPL  260918C00300000,AAPL,2026-09-18,297,297,300.0,19.75,19.95,19.85,20.08,19.85,172,13392,29.097,0.429,0.005,-0.048,0.979,0.778,-23.03,43.11,False,S,A,3.732,29.0
AAPL,276.97,CALL,AAPL  261218C00230000,AAPL,2026-12-18,388,388,230.0,66.15,66.95,66.55000000000001,66.65,66.55,19,5212,27.382,0.781,0.004,-0.028,0.824,1.329,46.97,19.68,True,S,A,3.732,29.0
AAPL,276.97,CALL,AAPL  261218C00240000,AAPL,2026-12-18,388,388,240.0,59.2,59.7,59.45,60.25,59.45,7,5811,26.401,0.74,0.004,-0.03,0.912,1.373,36.97,23.28,True,S,A,3.732,29.0
AAPL,276.97,CALL,AAPL  261218C00250000,AAPL,2026-12-18,388,388,250.0,52.4,52.7,52.55,53.45,52.55,32,9674,25.425,0.694,0.005,-0.031,0.992,1.382,26.97,26.48,True,S,A,3.732,29.0
AAPL,276.97,CALL,AAPL  261218C00260000,AAPL,2026-12-18,388,388,260.0,45.95,46.25,46.1,46.05,46.1,155,4460,24.454,0.642,0.005,-0.032,1.06,1.356,16.97,29.08,True,S,A,3.732,29.0
AAPL,276.97,CALL,AAPL  261218C00270000,AAPL,2026-12-18,388,388,270.0,39.95,40.25,40.1,40.44,40.1,254,5743,23.47,0.584,0.006,-0.033,1.108,1.299,6.97,33.47,True,S,A,3.732,29.0
AAPL,276.97,CALL,AAPL  261218C00280000,AAPL,2026-12-18,388,388,280.0,34.5,34.75,34.625,34.64,34.63,104,4625,22.518,0.522,0.006,-0.032,1.133,1.211,-3.03,37.67,False,S,A,3.732,29.0
AAPL,276.97,CALL,AAPL  261218C00290000,AAPL,2026-12-18,388,388,290.0,29.45,29.7,29.575,30.09,29.58,197,6582,31.096,0.502,0.004,-0.045,1.134,1.098,-13.03,43.12,False,S,A,3.732,29.0
AAPL,276.97,CALL,AAPL  261218C00300000,AAPL,2026-12-18,388,388,300.0,25.0,25.2,25.1,25.43,25.1,193,9123,30.299,0.456,0.005,-0.043,1.129,1.027,-23.03,48.46,False,S,A,3.732,29.0
AAPL,276.97,CALL,AAPL  261218C00310000,AAPL,2026-12-18,388,388,310.0,21.05,21.25,21.15,21.65,21.15,56,2757,29.606,0.41,0.005,-0.042,1.107,0.946,-33.03,54.68,False,S,A,3.732,29.0
AAPL,276.97,CALL,AAPL  261218C00320000,AAPL,2026-12-18,388,388,320.0,17.65,17.85,17.75,18.05,17.75,96,8244,29.05,0.366,0.005,-0.039,1.072,0.862,-43.03,61.08,False,S,A,3.732,29.0
AAPL,276.97,CALL,AAPL  270115C00230000,AAPL,2027-01-15,416,416,230.0,67.6,68.3,67.94999999999999,68.45,67.95,68,8974,27.054,0.777,0.004,-0.026,0.861,1.406,46.97,21.48,True,S,A,3.732,29.0
AAPL,276.97,CALL,AAPL  270115C00240000,AAPL,2027-01-15,416,416,240.0,60.4,60.85,60.625,62.3,60.63,18,7929,26.113,0.736,0.004,-0.028,0.951,1.45,36.97,25.33,True,S,A,3.732,29.0
AAPL,276.97,CALL,AAPL  270115C00250000,AAPL,2027-01-15,416,416,250.0,53.75,54.05,53.9,54.2,53.9,65,8790,25.132,0.69,0.005,-0.03,1.031,1.46,26.97,27.23,True,S,A,3.732,29.0
AAPL,276.97,CALL,AAPL  270115C00260000,AAPL,2027-01-15,416,416,260.0,47.35,47.65,47.5,48.15,47.5,37,14311,24.19,0.639,0.005,-0.031,1.099,1.434,16.97,31.18,True,S,A,3.732,29.0
AAPL,276.97,CALL,AAPL  270115C00270000,AAPL,2027-01-15,416,416,270.0,41.4,41.7,41.55,41.57,41.55,333,7313,23.22,0.582,0.006,-0.031,1.147,1.376,6.97,34.6,True,S,A,3.732,29.0
AAPL,276.97,CALL,AAPL  270115C00280000,AAPL,2027-01-15,416,416,280.0,35.9,36.2,36.05,36.05,36.05,337,10074,22.463,0.522,0.006,-0.03,1.172,1.285,-3.03,39.08,False,S,A,3.732,29.0
AAPL,276.97,CALL,AAPL  270115C00290000,AAPL,2027-01-15,416,416,290.0,30.95,31.2,31.075,31.5,31.08,46,2979,31.443,0.506,0.004,-0.043,1.173,1.167,-13.03,44.53,False,S,A,3.732,29.0
AAPL,276.97,CALL,AAPL  270115C00300000,AAPL,2027-01-15,416,416,300.0,26.45,26.7,26.575,26.95,26.58,256,21143,30.649,0.462,0.004,-0.042,1.169,1.097,-23.03,49.98,False,S,A,3.732,29.0
AAPL,276.97,CALL,AAPL  270115C00310000,AAPL,2027-01-15,416,416,310.0,22.5,22.7,22.6,23.05,22.6,87,4981,29.971,0.418,0.004,-0.04,1.15,1.018,-33.03,56.08,False,S,A,3.732,29.0
AAPL,276.97,CALL,AAPL  270115C00320000,AAPL,2027-01-15,416,416,320.0,18.95,19.2,19.075,19.22,19.08,2440,8436,29.353,0.375,0.004,-0.039,1.118,0.934,-43.03,62.25,False,S,A,3.732,29.0
AAPL,276.97,CALL,AAPL  270617C00230000,AAPL,2027-06-17,569,569,230.0,73.35,74.4,73.875,73.65,73.88,0,0,26.205,0.758,0.003,-0.022,1.05,1.831,46.97,26.68,True,S,A,3.732,29.0
AAPL,276.97,CALL,AAPL  270617C00240000,AAPL,2027-06-17,569,569,240.0,65.9,68.3,67.1,68.0,67.1,15,1076,25.34,0.72,0.004,-0.024,1.141,1.879,36.97,31.03,True,S,A,3.732,29.0
AAPL,276.97,CALL,AAPL  270617C00250000,AAPL,2027-06-17,569,569,250.0,60.45,60.85,60.650000000000006,61.4,60.65,107,2197,24.489,0.677,0.004,-0.024,1.222,1.889,26.97,34.43,True,S,A,3.732,29.0
AAPL,276.97,CALL,AAPL  270617C00260000,AAPL,2027-06-17,569,569,260.0,54.35,54.75,54.55,55.75,54.55,4,1394,23.647,0.631,0.005,-0.025,1.29,1.863,16.97,38.78,True,S,A,3.732,29.0
AAPL,276.97,CALL,AAPL  270617C00270000,AAPL,2027-06-17,569,569,270.0,48.65,48.95,48.8,48.79,48.8,38,3946,22.786,0.581,0.005,-0.025,1.339,1.802,6.97,41.82,True,S,A,3.732,29.0
AAPL,276.97,CALL,AAPL  270617C00280000,AAPL,2027-06-17,569,569,280.0,43.3,43.6,43.45,43.68,43.45,503,4730,21.904,0.527,0.005,-0.025,1.366,1.708,-3.03,46.71,False,S,A,3.732,29.0
AAPL,276.97,CALL,AAPL  270617C00290000,AAPL,2027-06-17,569,569,290.0,38.15,38.7,38.425,38.5,38.42,11,919,21.032,0.471,0.005,-0.024,1.368,1.584,-13.03,51.53,False,S,A,3.732,29.0
AAPL,276.97,CALL,AAPL  270617C00300000,AAPL,2027-06-17,569,569,300.0,33.85,34.1,33.975,34.6,33.98,100,3949,31.865,0.49,0.004,-0.037,1.369,1.483,-23.03,57.63,False,S,A,3.732,29.0
AAPL,276.97,CALL,AAPL  270617C00310000,AAPL,2027-06-17,569,569,310.0,29.5,30.05,29.775,31.2,29.78,8,696,31.161,0.453,0.004,-0.036,1.361,1.41,-33.03,64.23,False,S,A,3.732,29.0
AAPL,276.97,CALL,AAPL  270617C00320000,AAPL,2027-06-17,569,569,320.0,25.75,26.35,26.05,26.65,26.05,46,856,30.579,0.417,0.004,-0.035,1.342,1.328,-43.03,69.68,False,S,A,3.732,29.0
AAPL,276.97,CALL,AAPL  271217C00255000,AAPL,2027-12-17,752,752,255.0,64.4,65.2,64.80000000000001,61.4,64.8,0,0,23.417,0.646,0.004,-0.02,1.452,2.356,21.97,39.43,True,S,A,3.732,29.0
AAPL,276.97,CALL,AAPL  271217C00260000,AAPL,2027-12-17,752,752,260.0,61.5,62.3,61.9,62.93,61.9,32,2801,22.937,0.625,0.004,-0.021,1.484,2.342,16.97,45.96,True,S,A,3.732,29.0
AAPL,276.97,CALL,AAPL  271217C00265000,AAPL,2027-12-17,752,752,265.0,58.75,59.55,59.15,59.65,59.15,3,866,22.315,0.602,0.004,-0.02,1.512,2.321,11.97,47.68,True,S,A,3.732,29.0
AAPL,276.97,CALL,AAPL  271217C00270000,AAPL,2027-12-17,752,752,270.0,55.95,56.8,56.375,57.3,56.38,173,2929,22.142,0.579,0.004,-0.021,1.534,2.281,6.97,50.33,True,S,A,3.732,29.0
AAPL,276.97,CALL,AAPL  271217C00275000,AAPL,2027-12-17,752,752,275.0,53.35,54.05,53.7,54.44,53.7,13,564,21.769,0.555,0.005,-0.021,1.552,2.236,1.97,52.47,True,S,A,3.732,29.0
AAPL,276.97,CALL,AAPL  271217C00280000,AAPL,2027-12-17,752,752,280.0,50.75,51.65,51.2,52.1,51.2,32,2036,21.345,0.531,0.005,-0.02,1.564,2.184,-3.03,55.13,False,S,A,3.732,29.0
AAPL,276.97,CALL,AAPL  271217C00285000,AAPL,2027-12-17,752,752,285.0,48.5,49.15,48.825,50.0,48.83,42,635,21.06,0.506,0.005,-0.02,1.57,2.122,-8.03,58.03,False,S,A,3.732,29.0
AAPL,276.97,CALL,AAPL  271217C00290000,AAPL,2027-12-17,752,752,290.0,46.1,46.75,46.425,47.77,46.43,8,2006,20.642,0.48,0.005,-0.02,1.569,2.053,-13.03,60.8,False,S,A,3.732,29.0
AAPL,276.97,CALL,AAPL  271217C00295000,AAPL,2027-12-17,752,752,295.0,43.6,44.45,44.025000000000006,45.23,44.03,16,0,20.231,0.454,0.005,-0.019,1.562,1.977,-18.03,63.26,False,S,A,3.732,29.0
AAPL,276.97,CALL,AAPL  271217C00300000,AAPL,2027-12-17,752,752,300.0,41.45,42.35,41.900000000000006,42.34,41.9,47,5658,33.09,0.514,0.003,-0.033,1.565,1.904,-23.03,65.37,False,S,A,3.732,29.0
AAPL,276.97,CALL,AAPL  280121C00230000,AAPL,2028-01-21,787,787,230.0,81.1,82.05,81.57499999999999,82.0,81.57,20,300,25.158,0.741,0.003,-0.018,1.272,2.378,46.97,35.03,True,S,A,3.732,29.0
AAPL,276.97,CALL,AAPL  280121C00240000,AAPL,2028-01-21,787,787,240.0,74.75,75.65,75.2,75.83,75.2,14,638,24.385,0.705,0.003,-0.019,1.366,2.434,36.97,38.86,True,S,A,3.732,29.0
AAPL,276.97,CALL,AAPL  280121C00250000,AAPL,2028-01-21,787,787,250.0,68.9,70.4,69.65,69.95,69.65,88,1596,23.528,0.666,0.004,-0.019,1.449,2.452,26.97,42.98,True,S,A,3.732,29.0
AAPL,276.97,CALL,AAPL  280121C00260000,AAPL,2028-01-21,787,787,260.0,63.1,63.6,63.35,64.25,63.35,58,1431,22.828,0.624,0.004,-0.02,1.518,2.426,16.97,47.28,True,S,A,3.732,29.0
AAPL,276.97,CALL,AAPL  280121C00270000,AAPL,2028-01-21,787,787,270.0,56.65,58.15,57.4,58.59,57.4,30,1913,21.743,0.578,0.004,-0.02,1.569,2.372,6.97,51.62,True,S,A,3.732,29.0
AAPL,276.97,CALL,AAPL  280121C00280000,AAPL,2028-01-21,787,787,280.0,52.5,53.0,52.75,53.0,52.75,134,1878,21.299,0.531,0.005,-0.02,1.598,2.268,-3.03,56.03,False,S,A,3.732,29.0
AAPL,276.97,CALL,AAPL  280121C00290000,AAPL,2028-01-21,787,787,290.0,47.6,48.15,47.875,48.34,47.88,121,1030,20.508,0.481,0.005,-0.019,1.604,2.137,-13.03,61.37,False,S,A,3.732,29.0
AAPL,276.97,CALL,AAPL  280121C00300000,AAPL,2028-01-21,787,787,300.0,43.1,43.45,43.275000000000006,43.37,43.28,311,3706,33.289,0.518,0.003,-0.032,1.598,1.978,-23.03,66.4,False,S,A,3.732,29.0
AAPL,276.97,CALL,AAPL  280121C00310000,AAPL,2028-01-21,787,787,310.0,38.0,39.45,38.725,39.74,38.73,5,0,32.458,0.487,0.003,-0.031,1.602,1.918,-33.03,72.77,False,S,A,3.732,29.0
AAPL,276.97,CALL,AAPL  280121C00320000,AAPL,2028-01-21,787,787,320.0,34.7,35.6,35.150000000000006,36.84,35.15,2,0,32.086,0.458,0.003,-0.031,1.596,1.846,-43.03,79.87,False,S,A,3.732,29.0
AAPL,276.97,PUT,AAPL  251128P00265000,AAPL,2025-11-28,3,3,265.0,0.08,0.09,0.08499999999999999,0.09,0.09,7966,12102,26.985,-0.032,0.011,-0.064,0.018,-0.001,-11.97,12.06,False,W,A,3.732,29.0
AAPL,276.97,PUT,AAPL  251128P00267500,AAPL,2025-11-28,3,3,267.5,0.12,0.14,0.13,0.12,0.13,7786,7538,24.09,-0.051,0.018,-0.089,0.026,-0.001,-9.47,9.59,False,W,A,3.732,29.0
AAPL,276.97,PUT,AAPL  251128P00270000,AAPL,2025-11-28,3,3,270.0,0.22,0.24,0.22999999999999998,0.23,0.23,18124,9087,21.656,-0.092,0.031,-0.137,0.041,-0.002,-6.97,7.2,False,W,A,3.732,29.0
AAPL,276.97,PUT,AAPL  251128P00272500,AAPL,2025-11-28,3,3,272.5,0.45,0.48,0.46499999999999997,0.47,0.47,12265,7096,19.776,-0.175,0.053,-0.215,0.064,-0.004,-4.47,4.94,False,W,A,3.732,29.0
AAPL,276.97,PUT,AAPL  251128P00275000,AAPL,2025-11-28,3,3,275.0,0.97,1.0,0.985,0.99,0.99,34933,7342,18.398,-0.327,0.079,-0.301,0.089,-0.007,-1.97,2.96,False,W,A,3.732,29.0
AAPL,276.97,PUT,AAPL  251128P00277500,AAPL,2025-11-28,3,3,277.5,1.94,1.99,1.9649999999999999,1.94,1.97,31006,2507,18.05,-0.542,0.089,-0.33,0.098,-0.012,0.53,1.41,True,W,A,3.732,29.0
AAPL,276.97,PUT,AAPL  251128P00280000,AAPL,2025-11-28,3,3,280.0,3.45,3.6,3.5250000000000004,3.57,3.53,12941,2287,17.316,-0.755,0.074,-0.234,0.078,-0.015,3.03,0.54,True,W,A,3.732,29.0
AAPL,276.97,PUT,AAPL  251128P00282500,AAPL,2025-11-28,3,3,282.5,5.4,5.8,5.6,5.55,5.6,3130,472,17.435,-0.895,0.041,-0.119,0.045,-0.015,5.53,0.02,True,W,A,3.732,29.0
AAPL,276.97,PUT,AAPL  251128P00285000,AAPL,2025-11-28,3,3,285.0,7.85,8.25,8.05,7.56,8.05,1532,262,18.269,-0.951,0.013,-0.042,0.024,-0.011,8.03,-0.47,True,W,A,3.732,29.0
AAPL,276.97,PUT,AAPL  251128P00287500,AAPL,2025-11-28,3,3,287.5,10.3,10.8,10.55,9.3,10.55,49,12,20.051,-1.0,0.0,0.0,0.0,0.0,10.53,-1.23,True,W,A,3.732,29.0
AAPL,276.97,PUT,AAPL  251205P00265000,AAPL,2025-12-05,10,10,265.0,0.67,0.68,0.675,0.67,0.68,2133,2839,23.787,-0.123,0.019,-0.109,0.093,-0.009,-11.97,12.64,False,W,A,3.732,29.0
AAPL,276.97,PUT,AAPL  251205P00267500,AAPL,2025-12-05,10,10,267.5,0.93,0.97,0.95,0.95,0.95,4842,1847,22.736,-0.169,0.024,-0.13,0.115,-0.013,-9.47,10.42,False,W,A,3.732,29.0
AAPL,276.97,PUT,AAPL  251205P00270000,AAPL,2025-12-05,10,10,270.0,1.33,1.36,1.3450000000000002,1.37,1.35,3895,3738,21.748,-0.229,0.031,-0.151,0.139,-0.017,-6.97,8.34,False,W,A,3.732,29.0
AAPL,276.97,PUT,AAPL  251205P00272500,AAPL,2025-12-05,10,10,272.5,1.9,1.94,1.92,1.92,1.92,2555,810,20.933,-0.308,0.037,-0.169,0.161,-0.023,-4.47,6.39,False,W,A,3.732,29.0
AAPL,276.97,PUT,AAPL  251205P00275000,AAPL,2025-12-05,10,10,275.0,2.68,2.73,2.705,2.71,2.71,5092,2928,20.151,-0.404,0.042,-0.179,0.177,-0.03,-1.97,4.68,False,W,A,3.732,29.0
AAPL,276.97,PUT,AAPL  251205P00277500,AAPL,2025-12-05,10,10,277.5,3.65,3.8,3.7249999999999996,3.75,3.72,4553,455,20.836,-0.511,0.042,-0.19,0.182,-0.038,0.53,3.22,True,W,A,3.732,29.0
AAPL,276.97,PUT,AAPL  251205P00280000,AAPL,2025-12-05,10,10,280.0,5.0,5.15,5.075,5.1,5.08,3708,2628,20.015,-0.619,0.042,-0.172,0.174,-0.044,3.03,2.07,True,W,A,3.732,29.0
AAPL,276.97,PUT,AAPL  251205P00282500,AAPL,2025-12-05,10,10,282.5,6.55,6.8,6.675,6.7,6.68,362,102,19.408,-0.724,0.038,-0.143,0.153,-0.049,5.53,1.17,True,W,A,3.732,29.0
AAPL,276.97,PUT,AAPL  251205P00285000,AAPL,2025-12-05,10,10,285.0,8.35,8.7,8.524999999999999,8.15,8.52,1138,196,18.948,-0.815,0.032,-0.108,0.122,-0.051,8.03,0.12,True,W,A,3.732,29.0
AAPL,276.97,PUT,AAPL  251205P00287500,AAPL,2025-12-05,10,10,287.5,10.45,11.5,10.975,10.4,10.98,69,64,18.737,-0.885,0.023,-0.074,0.089,-0.048,10.53,-0.13,True,W,A,3.732,29.0
AAPL,276.97,PUT,AAPL  251212P00265000,AAPL,2025-12-12,17,17,265.0,1.39,1.45,1.42,1.43,1.42,1152,1213,23.528,-0.182,0.019,-0.108,0.158,-0.024,-11.97,13.4,False,W,A,3.732,29.0
AAPL,276.97,PUT,AAPL  251212P00267500,AAPL,2025-12-12,17,17,267.5,1.81,1.87,1.84,1.84,1.84,539,199,22.778,-0.228,0.022,-0.12,0.18,-0.03,-9.47,11.31,False,W,A,3.732,29.0
AAPL,276.97,PUT,AAPL  251212P00270000,AAPL,2025-12-12,17,17,270.0,2.36,2.4,2.38,2.39,2.38,875,1582,22.062,-0.284,0.026,-0.131,0.202,-0.037,-6.97,9.36,False,W,A,3.732,29.0
AAPL,276.97,PUT,AAPL  251212P00272500,AAPL,2025-12-12,17,17,272.5,3.0,3.15,3.075,3.09,3.08,508,183,21.42,-0.349,0.029,-0.138,0.221,-0.045,-4.47,7.56,False,W,A,3.732,29.0
AAPL,276.97,PUT,AAPL  251212P00275000,AAPL,2025-12-12,17,17,275.0,3.85,4.0,3.925,3.91,3.93,862,903,20.729,-0.423,0.032,-0.141,0.234,-0.055,-1.97,5.88,False,W,A,3.732,29.0
AAPL,276.97,PUT,AAPL  251212P00277500,AAPL,2025-12-12,17,17,277.5,4.9,5.05,4.975,5.0,4.97,932,81,20.088,-0.505,0.033,-0.139,0.238,-0.064,0.53,4.47,True,W,A,3.732,29.0
AAPL,276.97,PUT,AAPL  251212P00280000,AAPL,2025-12-12,17,17,280.0,6.2,6.3,6.25,6.01,6.25,388,624,21.364,-0.581,0.031,-0.144,0.233,-0.073,3.03,2.98,True,W,A,3.732,29.0
AAPL,276.97,PUT,AAPL  251212P00282500,AAPL,2025-12-12,17,17,282.5,7.65,7.8,7.725,6.84,7.73,34,0,20.904,-0.659,0.03,-0.131,0.219,-0.081,5.53,1.31,True,W,A,3.732,29.0
AAPL,276.97,PUT,AAPL  251212P00285000,AAPL,2025-12-12,17,17,285.0,9.35,9.55,9.45,8.46,9.45,47,1087,20.477,-0.732,0.027,-0.114,0.197,-0.086,8.03,0.43,True,W,A,3.732,29.0
AAPL,276.97,PUT,AAPL  251212P00287500,AAPL,2025-12-12,17,17,287.5,11.0,12.45,11.725,10.7,11.73,19,22,20.139,-0.798,0.024,-0.094,0.168,-0.089,10.53,0.17,True,W,A,3.732,29.0
AAPL,276.97,PUT,AAPL  251219P00265000,AAPL,2025-12-19,24,24,265.0,2.17,2.23,2.2,2.2,2.2,9859,14405,23.669,-0.221,0.018,-0.104,0.211,-0.041,-11.97,14.17,False,S,A,3.732,29.0
AAPL,276.97,PUT,AAPL  251219P00267500,AAPL,2025-12-19,24,24,267.5,2.66,2.74,2.7,2.67,2.7,337,98,22.975,-0.265,0.02,-0.111,0.232,-0.049,-9.47,12.14,False,S,A,3.732,29.0
AAPL,276.97,PUT,AAPL  251219P00270000,AAPL,2025-12-19,24,24,270.0,3.25,3.35,3.3,3.3,3.3,1419,10741,22.265,-0.314,0.023,-0.116,0.252,-0.058,-6.97,10.27,False,S,A,3.732,29.0
AAPL,276.97,PUT,AAPL  251219P00272500,AAPL,2025-12-19,24,24,272.5,4.0,4.1,4.05,3.95,4.05,694,459,21.66,-0.371,0.025,-0.12,0.268,-0.069,-4.47,8.42,False,S,A,3.732,29.0
AAPL,276.97,PUT,AAPL  251219P00275000,AAPL,2025-12-19,24,24,275.0,4.9,5.0,4.95,4.95,4.95,2021,4862,21.085,-0.434,0.026,-0.122,0.279,-0.08,-1.97,6.92,False,S,A,3.732,29.0
AAPL,276.97,PUT,AAPL  251219P00277500,AAPL,2025-12-19,24,24,277.5,5.95,6.1,6.025,5.99,6.03,832,166,20.57,-0.501,0.027,-0.12,0.283,-0.091,0.53,5.46,True,S,A,3.732,29.0
AAPL,276.97,PUT,AAPL  251219P00280000,AAPL,2025-12-19,24,24,280.0,7.15,7.3,7.225,7.18,7.23,1267,2347,22.398,-0.561,0.025,-0.129,0.28,-0.101,3.03,4.15,True,S,A,3.732,29.0
AAPL,276.97,PUT,AAPL  251219P00282500,AAPL,2025-12-19,24,24,282.5,8.55,8.7,8.625,8.05,8.63,107,46,21.905,-0.625,0.025,-0.121,0.269,-0.111,5.53,2.52,True,S,A,3.732,29.0
AAPL,276.97,PUT,AAPL  251219P00285000,AAPL,2025-12-19,24,24,285.0,10.15,10.4,10.275,10.23,10.28,357,4315,21.511,-0.686,0.023,-0.11,0.252,-0.119,8.03,2.2,True,S,A,3.732,29.0
AAPL,276.97,PUT,AAPL  251219P00287500,AAPL,2025-12-19,24,24,287.5,11.95,12.2,12.075,11.28,12.08,3,0,21.127,-0.745,0.022,-0.097,0.228,-0.125,10.53,0.75,True,S,A,3.732,29.0
AAPL,276.97,PUT,AAPL  251226P00255000,AAPL,2025-12-26,31,31,255.0,1.25,1.3,1.275,1.19,1.27,262,296,25.381,-0.122,0.01,-0.066,0.164,-0.03,-21.97,23.16,False,W,A,3.732,29.0
AAPL,276.97,PUT,AAPL  251226P00260000,AAPL,2025-12-26,31,31,260.0,1.8,1.87,1.835,1.86,1.84,497,1268,24.009,-0.171,0.013,-0.079,0.205,-0.041,-16.97,18.83,False,W,A,3.732,29.0
AAPL,276.97,PUT,AAPL  251226P00265000,AAPL,2025-12-26,31,31,265.0,2.61,2.88,2.745,3.1,2.75,551,546,23.069,-0.242,0.017,-0.093,0.252,-0.058,-11.97,15.07,False,W,A,3.732,29.0
AAPL,276.97,PUT,AAPL  251226P00270000,AAPL,2025-12-26,31,31,270.0,3.75,3.9,3.825,3.85,3.83,391,1038,21.442,-0.327,0.021,-0.1,0.291,-0.078,-6.97,10.82,False,W,A,3.732,29.0
AAPL,276.97,PUT,AAPL  251226P00275000,AAPL,2025-12-26,31,31,275.0,5.45,5.6,5.525,5.55,5.53,1071,577,20.406,-0.437,0.024,-0.103,0.318,-0.104,-1.97,7.52,False,W,A,3.732,29.0
AAPL,276.97,PUT,AAPL  251226P00280000,AAPL,2025-12-26,31,31,280.0,7.7,7.9,7.800000000000001,7.8,7.8,144,114,22.082,-0.552,0.022,-0.112,0.319,-0.129,3.03,4.77,True,W,A,3.732,29.0
AAPL,276.97,PUT,AAPL  251226P00285000,AAPL,2025-12-26,31,31,285.0,10.65,10.85,10.75,10.75,10.75,49,136,21.17,-0.665,0.021,-0.098,0.294,-0.151,8.03,2.72,True,W,A,3.732,29.0
AAPL,276.97,PUT,AAPL  251226P00290000,AAPL,2025-12-26,31,31,290.0,14.15,14.55,14.350000000000001,13.65,14.35,23,184,20.49,-0.769,0.019,-0.078,0.245,-0.163,13.03,0.62,True,W,A,3.732,29.0
AAPL,276.97,PUT,AAPL  251226P00295000,AAPL,2025-12-26,31,31,295.0,18.3,18.75,18.525,17.17,18.52,46,30,20.275,-0.85,0.014,-0.058,0.188,-0.161,18.03,-0.86,True,W,A,3.732,29.0
AAPL,276.97,PUT,AAPL  251226P00300000,AAPL,2025-12-26,31,31,300.0,22.7,24.05,23.375,21.9,23.38,9,3,20.199,-0.906,0.01,-0.04,0.133,-0.143,23.03,-1.13,True,W,A,3.732,29.0
AAPL,276.97,PUT,AAPL  260102P00255000,AAPL,2026-01-02,38,38,255.0,1.59,1.67,1.63,1.57,1.63,505,1870,24.813,-0.14,0.01,-0.064,0.199,-0.042,-21.97,23.54,False,W,A,3.732,29.0
AAPL,276.97,PUT,AAPL  260102P00260000,AAPL,2026-01-02,38,38,260.0,2.23,2.32,2.275,2.28,2.28,630,265,23.578,-0.19,0.013,-0.074,0.242,-0.056,-16.97,19.25,False,W,A,3.732,29.0
AAPL,276.97,PUT,AAPL  260102P00265000,AAPL,2026-01-02,38,38,265.0,3.1,3.25,3.175,3.12,3.18,227,232,22.379,-0.255,0.016,-0.084,0.287,-0.076,-11.97,15.09,False,W,A,3.732,29.0
AAPL,276.97,PUT,AAPL  260102P00270000,AAPL,2026-01-02,38,38,270.0,4.4,4.55,4.475,4.55,4.47,100,341,21.396,-0.34,0.019,-0.091,0.327,-0.1,-6.97,11.52,False,W,A,3.732,29.0
AAPL,276.97,PUT,AAPL  260102P00275000,AAPL,2026-01-02,38,38,275.0,6.1,6.4,6.25,6.18,6.25,128,99,20.524,-0.44,0.022,-0.094,0.352,-0.129,-1.97,8.15,False,W,A,3.732,29.0
AAPL,276.97,PUT,AAPL  260102P00280000,AAPL,2026-01-02,38,38,280.0,8.35,8.5,8.425,8.48,8.43,137,38,22.585,-0.542,0.02,-0.103,0.354,-0.157,3.03,5.45,True,W,A,3.732,29.0
AAPL,276.97,PUT,AAPL  260102P00285000,AAPL,2026-01-02,38,38,285.0,11.2,11.55,11.375,11.0,11.38,9,20,21.736,-0.643,0.019,-0.093,0.333,-0.181,8.03,2.97,True,W,A,3.732,29.0
AAPL,276.97,PUT,AAPL  260102P00290000,AAPL,2026-01-02,38,38,290.0,14.5,15.1,14.8,14.27,14.8,10,0,21.04,-0.738,0.017,-0.077,0.291,-0.198,13.03,1.24,True,W,A,3.732,29.0
AAPL,276.97,PUT,AAPL  260102P00295000,AAPL,2026-01-02,38,38,295.0,18.5,19.1,18.8,17.65,18.8,5,0,20.611,-0.819,0.014,-0.06,0.235,-0.201,18.03,-0.38,True,W,A,3.732,29.0
AAPL,276.97,PUT,AAPL  260102P00300000,AAPL,2026-01-02,38,38,300.0,22.9,23.6,23.25,27.51,23.25,0,0,20.405,-0.88,0.011,-0.044,0.177,-0.189,23.03,4.48,True,W,A,3.732,29.0
AAPL,276.97,PUT,AAPL  260116P00255000,AAPL,2026-01-16,52,52,255.0,2.49,2.56,2.5250000000000004,2.5,2.53,946,11681,24.905,-0.173,0.01,-0.063,0.268,-0.071,-21.97,24.47,False,S,A,3.732,29.0
AAPL,276.97,PUT,AAPL  260116P00260000,AAPL,2026-01-16,52,52,260.0,3.3,3.4,3.3499999999999996,3.37,3.35,1932,15885,23.898,-0.223,0.012,-0.07,0.312,-0.091,-16.97,20.34,False,S,A,3.732,29.0
AAPL,276.97,PUT,AAPL  260116P00265000,AAPL,2026-01-16,52,52,265.0,4.35,4.5,4.425,4.45,4.43,811,8437,22.904,-0.284,0.014,-0.076,0.355,-0.116,-11.97,16.42,False,S,A,3.732,29.0
AAPL,276.97,PUT,AAPL  260116P00270000,AAPL,2026-01-16,52,52,270.0,5.75,5.9,5.825,5.82,5.83,961,10602,21.964,-0.358,0.016,-0.08,0.39,-0.145,-6.97,12.79,False,S,A,3.732,29.0
AAPL,276.97,PUT,AAPL  260116P00275000,AAPL,2026-01-16,52,52,275.0,7.55,7.75,7.65,7.65,7.65,1515,4191,21.154,-0.442,0.018,-0.081,0.413,-0.177,-1.97,9.62,False,S,A,3.732,29.0
AAPL,276.97,PUT,AAPL  260116P00280000,AAPL,2026-01-16,52,52,280.0,9.8,10.0,9.9,9.9,9.9,1144,1945,23.754,-0.526,0.016,-0.092,0.416,-0.21,3.03,6.87,True,S,A,3.732,29.0
AAPL,276.97,PUT,AAPL  260116P00285000,AAPL,2026-01-16,52,52,285.0,12.5,12.8,12.65,11.75,12.65,144,1046,22.971,-0.608,0.016,-0.085,0.402,-0.237,8.03,3.72,True,S,A,3.732,29.0
AAPL,276.97,PUT,AAPL  260116P00290000,AAPL,2026-01-16,52,52,290.0,15.75,15.95,15.85,15.2,15.85,53,880,22.355,-0.689,0.015,-0.075,0.37,-0.259,13.03,2.17,True,S,A,3.732,29.0
AAPL,276.97,PUT,AAPL  260116P00295000,AAPL,2026-01-16,52,52,295.0,19.45,19.8,19.625,19.15,19.63,24,710,21.841,-0.764,0.014,-0.063,0.322,-0.271,18.03,1.12,True,S,A,3.732,29.0
AAPL,276.97,PUT,AAPL  260116P00300000,AAPL,2026-01-16,52,52,300.0,23.6,24.0,23.8,23.1,23.8,48,723,21.581,-0.827,0.012,-0.051,0.268,-0.269,23.03,0.07,True,S,A,3.732,29.0
AAPL,276.97,PUT,AAPL  260220P00255000,AAPL,2026-02-20,87,87,255.0,5.2,5.35,5.275,5.3,5.28,336,2504,26.305,-0.237,0.009,-0.062,0.418,-0.166,-21.97,27.27,False,S,A,3.732,29.0
AAPL,276.97,PUT,AAPL  260220P00260000,AAPL,2026-02-20,87,87,260.0,6.35,6.5,6.425,6.35,6.43,661,2078,25.494,-0.282,0.01,-0.066,0.457,-0.197,-16.97,23.32,False,S,A,3.732,29.0
AAPL,276.97,PUT,AAPL  260220P00265000,AAPL,2026-02-20,87,87,265.0,7.7,7.85,7.775,7.8,7.78,260,4543,24.649,-0.332,0.011,-0.069,0.491,-0.231,-11.97,19.77,False,S,A,3.732,29.0
AAPL,276.97,PUT,AAPL  260220P00270000,AAPL,2026-02-20,87,87,270.0,9.3,9.5,9.4,9.45,9.4,455,2260,23.867,-0.388,0.012,-0.07,0.518,-0.269,-6.97,16.42,False,S,A,3.732,29.0
AAPL,276.97,PUT,AAPL  260220P00275000,AAPL,2026-02-20,87,87,275.0,11.2,11.4,11.3,11.0,11.3,468,1411,23.082,-0.449,0.013,-0.07,0.535,-0.309,-1.97,12.97,False,S,A,3.732,29.0
AAPL,276.97,PUT,AAPL  260220P00280000,AAPL,2026-02-20,87,87,280.0,13.35,13.65,13.5,13.25,13.5,463,1009,26.81,-0.505,0.011,-0.082,0.539,-0.349,3.03,10.22,True,S,A,3.732,29.0
AAPL,276.97,PUT,AAPL  260220P00285000,AAPL,2026-02-20,87,87,285.0,15.95,16.2,16.075,15.8,16.08,46,942,26.13,-0.561,0.011,-0.079,0.533,-0.384,8.03,7.77,True,S,A,3.732,29.0
AAPL,276.97,PUT,AAPL  260220P00290000,AAPL,2026-02-20,87,87,290.0,18.85,19.1,18.975,18.65,18.98,107,416,25.54,-0.618,0.011,-0.074,0.516,-0.416,13.03,5.62,True,S,A,3.732,29.0
AAPL,276.97,PUT,AAPL  260220P00295000,AAPL,2026-02-20,87,87,295.0,22.1,22.4,22.25,21.45,22.25,1,64,25.047,-0.673,0.011,-0.068,0.488,-0.442,18.03,3.42,True,S,A,3.732,29.0
AAPL,276.97,PUT,AAPL  260220P00300000,AAPL,2026-02-20,87,87,300.0,25.7,26.0,25.85,25.15,25.85,115,455,24.683,-0.725,0.01,-0.062,0.451,-0.462,23.03,2.12,True,S,A,3.732,29.0
AAPL,276.97,PUT,AAPL  260320P00230000,AAPL,2026-03-20,115,115,230.0,2.88,2.95,2.915,2.83,2.92,1013,11601,30.194,-0.118,0.004,-0.04,0.307,-0.111,-46.97,49.8,False,S,A,3.732,29.0
AAPL,276.97,PUT,AAPL  260320P00240000,AAPL,2026-03-20,115,115,240.0,4.05,4.15,4.1,4.08,4.1,355,7941,28.442,-0.163,0.006,-0.047,0.383,-0.153,-36.97,41.05,False,S,A,3.732,29.0
AAPL,276.97,PUT,AAPL  260320P00250000,AAPL,2026-03-20,115,115,250.0,5.7,5.8,5.75,5.75,5.75,613,19681,26.756,-0.223,0.007,-0.054,0.464,-0.209,-26.97,32.72,False,S,A,3.732,29.0
AAPL,276.97,PUT,AAPL  260320P00260000,AAPL,2026-03-20,115,115,260.0,8.05,8.2,8.125,8.12,8.13,515,4194,25.32,-0.301,0.009,-0.059,0.541,-0.281,-16.97,25.09,False,S,A,3.732,29.0
AAPL,276.97,PUT,AAPL  260320P00270000,AAPL,2026-03-20,115,115,270.0,11.15,11.35,11.25,10.9,11.25,541,3552,23.808,-0.396,0.01,-0.061,0.599,-0.367,-6.97,17.87,False,S,A,3.732,29.0
AAPL,276.97,PUT,AAPL  260320P00280000,AAPL,2026-03-20,115,115,280.0,15.25,15.55,15.4,15.0,15.4,300,1836,22.391,-0.508,0.011,-0.06,0.62,-0.463,3.03,11.97,True,S,A,3.732,29.0
AAPL,276.97,PUT,AAPL  260320P00290000,AAPL,2026-03-20,115,115,290.0,20.55,21.15,20.85,19.61,20.85,164,275,26.4,-0.592,0.009,-0.068,0.603,-0.539,13.03,6.58,True,S,A,3.732,29.0
AAPL,276.97,PUT,AAPL  260320P00300000,AAPL,2026-03-20,115,115,300.0,26.95,29.05,28.0,27.15,28.0,10,579,25.47,-0.685,0.009,-0.06,0.551,-0.6,23.03,4.12,True,S,A,3.732,29.0
AAPL,276.97,PUT,AAPL  260320P00310000,AAPL,2026-03-20,115,115,310.0,34.6,36.05,35.325,35.48,35.33,0,0,24.891,-0.767,0.008,-0.05,0.474,-0.632,33.03,2.45,True,S,A,3.732,29.0
AAPL,276.97,PUT,AAPL  260320P00320000,AAPL,2026-03-20,115,115,320.0,43.3,44.8,44.05,44.8,44.05,0,0,24.577,-0.831,0.006,-0.04,0.387,-0.622,43.03,1.77,True,S,A,3.732,29.0
AAPL,276.97,PUT,AAPL  260417P00255000,AAPL,2026-04-17,143,143,255.0,8.1,8.25,8.175,7.85,8.18,27,1239,25.704,-0.274,0.007,-0.051,0.578,-0.322,-21.97,29.82,False,S,A,3.732,29.0
AAPL,276.97,PUT,AAPL  260417P00260000,AAPL,2026-04-17,143,143,260.0,9.45,9.7,9.575,9.45,9.57,129,1888,25.116,-0.313,0.008,-0.053,0.614,-0.367,-16.97,26.42,False,S,A,3.732,29.0
AAPL,276.97,PUT,AAPL  260417P00265000,AAPL,2026-04-17,143,143,265.0,10.95,11.1,11.024999999999999,10.9,11.02,95,1326,24.312,-0.355,0.009,-0.054,0.645,-0.414,-11.97,22.87,False,S,A,3.732,29.0
AAPL,276.97,PUT,AAPL  260417P00270000,AAPL,2026-04-17,143,143,270.0,12.7,12.85,12.774999999999999,12.75,12.77,88,1161,23.665,-0.401,0.009,-0.055,0.67,-0.465,-6.97,19.72,False,S,A,3.732,29.0
AAPL,276.97,PUT,AAPL  260417P00275000,AAPL,2026-04-17,143,143,275.0,14.6,14.8,14.7,14.5,14.7,77,1428,22.951,-0.449,0.01,-0.054,0.686,-0.518,-1.97,16.47,False,S,A,3.732,29.0
AAPL,276.97,PUT,AAPL  260417P00280000,AAPL,2026-04-17,143,143,280.0,16.8,17.3,17.05,16.85,17.05,69,446,22.509,-0.501,0.01,-0.054,0.691,-0.573,3.03,13.82,True,S,A,3.732,29.0
AAPL,276.97,PUT,AAPL  260417P00285000,AAPL,2026-04-17,143,143,285.0,19.25,19.45,19.35,18.7,19.35,78,236,27.411,-0.53,0.008,-0.065,0.689,-0.616,8.03,10.67,True,S,A,3.732,29.0
AAPL,276.97,PUT,AAPL  260417P00290000,AAPL,2026-04-17,143,143,290.0,22.0,22.2,22.1,21.25,22.1,22,170,26.846,-0.573,0.008,-0.063,0.679,-0.659,13.03,8.22,True,S,A,3.732,29.0
AAPL,276.97,PUT,AAPL  260417P00295000,AAPL,2026-04-17,143,143,295.0,24.8,25.2,25.0,24.29,25.0,10,0,26.345,-0.616,0.008,-0.06,0.662,-0.698,18.03,6.26,True,S,A,3.732,29.0
AAPL,276.97,PUT,AAPL  260417P00300000,AAPL,2026-04-17,143,143,300.0,28.25,29.55,28.9,28.0,28.9,16,319,25.993,-0.657,0.008,-0.057,0.637,-0.732,23.03,4.97,True,S,A,3.732,29.0
AAPL,276.97,PUT,AAPL  260515P00230000,AAPL,2026-05-15,171,171,230.0,4.95,5.05,5.0,4.9,5.0,44,4580,29.738,-0.155,0.004,-0.039,0.451,-0.221,-46.97,51.87,False,S,A,3.732,29.0
AAPL,276.97,PUT,AAPL  260515P00240000,AAPL,2026-05-15,171,171,240.0,6.55,6.65,6.6,6.5,6.6,157,3288,28.254,-0.201,0.005,-0.044,0.532,-0.286,-36.97,43.47,False,S,A,3.732,29.0
AAPL,276.97,PUT,AAPL  260515P00250000,AAPL,2026-05-15,171,171,250.0,8.65,8.75,8.7,8.55,8.7,553,3676,26.877,-0.258,0.006,-0.048,0.612,-0.366,-26.97,35.52,False,S,A,3.732,29.0
AAPL,276.97,PUT,AAPL  260515P00260000,AAPL,2026-05-15,171,171,260.0,11.3,11.45,11.375,11.3,11.38,77,6072,25.53,-0.326,0.007,-0.051,0.683,-0.462,-16.97,28.27,False,S,A,3.732,29.0
AAPL,276.97,PUT,AAPL  260515P00270000,AAPL,2026-05-15,171,171,270.0,14.65,14.85,14.75,14.57,14.75,124,1176,24.224,-0.406,0.008,-0.052,0.735,-0.571,-6.97,21.54,False,S,A,3.732,29.0
AAPL,276.97,PUT,AAPL  260515P00280000,AAPL,2026-05-15,171,171,280.0,18.85,19.1,18.975,18.4,18.98,144,10133,23.003,-0.495,0.009,-0.051,0.755,-0.688,3.03,15.37,True,S,A,3.732,29.0
AAPL,276.97,PUT,AAPL  260515P00290000,AAPL,2026-05-15,171,171,290.0,23.9,24.65,24.275,23.35,24.28,64,85,28.218,-0.555,0.007,-0.062,0.748,-0.78,13.03,10.32,True,S,A,3.732,29.0
AAPL,276.97,PUT,AAPL  260515P00300000,AAPL,2026-05-15,171,171,300.0,29.95,31.1,30.525,29.4,30.53,3,117,27.372,-0.629,0.007,-0.057,0.715,-0.863,23.03,6.37,True,S,A,3.732,29.0
AAPL,276.97,PUT,AAPL  260515P00310000,AAPL,2026-05-15,171,171,310.0,35.8,37.4,36.599999999999994,35.75,36.6,3,0,26.688,-0.698,0.007,-0.051,0.658,-0.926,33.03,2.72,True,S,A,3.732,29.0
AAPL,276.97,PUT,AAPL  260515P00320000,AAPL,2026-05-15,171,171,320.0,44.75,46.4,45.575,44.4,45.58,13,68,26.24,-0.758,0.006,-0.045,0.586,-0.958,43.03,1.37,True,S,A,3.732,29.0
AAPL,276.97,PUT,AAPL  260618P00255000,AAPL,2026-06-18,205,205,255.0,11.15,11.35,11.25,11.24,11.25,7,1628,25.736,-0.299,0.007,-0.045,0.721,-0.513,-21.97,33.21,False,S,A,3.732,29.0
AAPL,276.97,PUT,AAPL  260618P00260000,AAPL,2026-06-18,205,205,260.0,12.65,12.95,12.8,12.45,12.8,51,2334,25.217,-0.333,0.007,-0.046,0.754,-0.57,-16.97,29.42,False,S,A,3.732,29.0
AAPL,276.97,PUT,AAPL  260618P00265000,AAPL,2026-06-18,205,205,265.0,14.3,14.75,14.525,14.35,14.53,310,1644,24.713,-0.37,0.007,-0.047,0.783,-0.631,-11.97,26.32,False,S,A,3.732,29.0
AAPL,276.97,PUT,AAPL  260618P00270000,AAPL,2026-06-18,205,205,270.0,16.1,16.3,16.200000000000003,15.95,16.2,184,1660,23.93,-0.408,0.008,-0.047,0.805,-0.692,-6.97,22.92,False,S,A,3.732,29.0
AAPL,276.97,PUT,AAPL  260618P00275000,AAPL,2026-06-18,205,205,275.0,18.1,18.3,18.200000000000003,18.1,18.2,95,1027,23.329,-0.448,0.008,-0.047,0.82,-0.757,-1.97,20.07,False,S,A,3.732,29.0
AAPL,276.97,PUT,AAPL  260618P00280000,AAPL,2026-06-18,205,205,280.0,20.3,20.5,20.4,20.2,20.4,10,957,22.736,-0.491,0.008,-0.046,0.827,-0.823,3.03,17.17,True,S,A,3.732,29.0
AAPL,276.97,PUT,AAPL  260618P00285000,AAPL,2026-06-18,205,205,285.0,22.4,23.25,22.825,22.6,22.83,32,237,29.083,-0.508,0.007,-0.059,0.827,-0.875,8.03,14.57,True,S,A,3.732,29.0
AAPL,276.97,PUT,AAPL  260618P00290000,AAPL,2026-06-18,205,205,290.0,25.35,25.55,25.450000000000003,25.15,25.45,1686,54,28.597,-0.542,0.007,-0.057,0.822,-0.926,13.03,12.12,True,S,A,3.732,29.0
AAPL,276.97,PUT,AAPL  260618P00300000,AAPL,2026-06-18,205,205,300.0,31.25,31.5,31.375,30.97,31.38,6,145,27.716,-0.609,0.007,-0.054,0.795,-1.02,23.03,7.94,True,S,A,3.732,29.0
AAPL,276.97,PUT,AAPL  260618P00310000,AAPL,2026-06-18,205,205,310.0,38.0,39.35,38.675,37.96,38.67,6,0,27.092,-0.672,0.006,-0.049,0.746,-1.095,33.03,4.93,True,S,A,3.732,29.0
AAPL,276.97,PUT,AAPL  260717P00255000,AAPL,2026-07-17,234,234,255.0,11.95,12.35,12.149999999999999,13.32,12.15,0,0,25.198,-0.305,0.006,-0.042,0.776,-0.612,-21.97,35.29,False,S,A,3.732,29.0
AAPL,276.97,PUT,AAPL  260717P00260000,AAPL,2026-07-17,234,234,260.0,13.45,13.9,13.675,16.39,13.68,0,0,24.627,-0.338,0.007,-0.043,0.81,-0.68,-16.97,33.36,False,S,A,3.732,29.0
AAPL,276.97,PUT,AAPL  260717P00265000,AAPL,2026-07-17,234,234,265.0,15.15,16.55,15.850000000000001,15.05,15.85,42,0,24.649,-0.374,0.007,-0.044,0.839,-0.758,-11.97,27.02,False,S,A,3.732,29.0
AAPL,276.97,PUT,AAPL  260717P00270000,AAPL,2026-07-17,234,234,270.0,15.95,18.4,17.174999999999997,16.7,17.17,28,2,23.464,-0.409,0.007,-0.043,0.861,-0.829,-6.97,23.67,False,S,A,3.732,29.0
AAPL,276.97,PUT,AAPL  260717P00275000,AAPL,2026-07-17,234,234,275.0,19.0,19.45,19.225,20.25,19.23,0,0,22.932,-0.448,0.008,-0.043,0.876,-0.912,-1.97,22.22,False,S,A,3.732,29.0
AAPL,276.97,PUT,AAPL  260717P00280000,AAPL,2026-07-17,234,234,280.0,21.25,21.65,21.45,21.0,21.45,53,7,22.389,-0.489,0.008,-0.042,0.883,-1.001,3.03,17.97,True,S,A,3.732,29.0
AAPL,276.97,PUT,AAPL  260717P00285000,AAPL,2026-07-17,234,234,285.0,23.65,24.1,23.875,23.55,23.88,15,0,29.282,-0.502,0.006,-0.055,0.884,-1.148,8.03,15.52,True,S,A,3.732,29.0
AAPL,276.97,PUT,AAPL  260717P00290000,AAPL,2026-07-17,234,234,290.0,26.25,26.7,26.475,0.0,26.48,0,0,28.774,-0.534,0.006,-0.054,0.881,-1.244,13.03,-13.03,True,S,A,3.732,29.0
AAPL,276.97,PUT,AAPL  260717P00295000,AAPL,2026-07-17,234,234,295.0,29.05,30.3,29.675,0.0,29.68,0,0,28.326,-0.566,0.006,-0.053,0.872,-1.35,18.03,-18.03,True,S,A,3.732,29.0
AAPL,276.97,PUT,AAPL  260717P00300000,AAPL,2026-07-17,234,234,300.0,32.05,32.55,32.3,0.0,32.3,0,0,27.939,-0.597,0.006,-0.051,0.858,-1.468,23.03,-23.03,True,S,A,3.732,29.0
AAPL,276.97,PUT,AAPL  260821P00230000,AAPL,2026-08-21,269,269,230.0,7.75,8.1,7.925,7.81,7.93,90,1182,28.444,-0.189,0.004,-0.034,0.643,-0.442,-46.97,54.78,False,S,A,3.732,29.0
AAPL,276.97,PUT,AAPL  260821P00240000,AAPL,2026-08-21,269,269,240.0,9.8,9.95,9.875,9.9,9.88,5,767,27.122,-0.233,0.005,-0.037,0.727,-0.545,-36.97,46.87,False,S,A,3.732,29.0
AAPL,276.97,PUT,AAPL  260821P00250000,AAPL,2026-08-21,269,269,250.0,12.3,12.75,12.525,12.2,12.53,20,586,26.174,-0.286,0.005,-0.04,0.808,-0.672,-26.97,39.17,False,S,A,3.732,29.0
AAPL,276.97,PUT,AAPL  260821P00260000,AAPL,2026-08-21,269,269,260.0,15.3,15.5,15.4,15.3,15.4,15,466,24.886,-0.344,0.006,-0.041,0.875,-0.813,-16.97,32.27,False,S,A,3.732,29.0
AAPL,276.97,PUT,AAPL  260821P00270000,AAPL,2026-08-21,269,269,270.0,18.9,19.1,19.0,18.89,19.0,29,360,23.79,-0.411,0.007,-0.041,0.924,-0.976,-6.97,25.86,False,S,A,3.732,29.0
AAPL,276.97,PUT,AAPL  260821P00280000,AAPL,2026-08-21,269,269,280.0,23.15,23.35,23.25,26.13,23.25,0,0,22.701,-0.485,0.007,-0.04,0.946,-1.159,3.03,23.1,True,S,A,3.732,29.0
AAPL,276.97,PUT,AAPL  260821P00290000,AAPL,2026-08-21,269,269,290.0,28.05,28.5,28.275,27.5,28.28,31,81,29.665,-0.522,0.006,-0.053,0.946,-1.386,13.03,14.47,True,S,A,3.732,29.0
AAPL,276.97,PUT,AAPL  260821P00300000,AAPL,2026-08-21,269,269,300.0,33.7,34.55,34.125,33.35,34.13,3,0,28.834,-0.58,0.006,-0.05,0.928,-1.586,23.03,10.32,True,S,A,3.732,29.0
AAPL,276.97,PUT,AAPL  260821P00310000,AAPL,2026-08-21,269,269,310.0,40.15,40.5,40.325,45.1,40.33,0,0,28.166,-0.636,0.006,-0.047,0.892,-1.816,33.03,12.07,True,S,A,3.732,29.0
AAPL,276.97,PUT,AAPL  260821P00320000,AAPL,2026-08-21,269,269,320.0,47.35,47.8,47.575,47.3,47.58,6,72,27.582,-0.689,0.005,-0.043,0.838,-2.087,43.03,4.27,True,S,A,3.732,29.0
AAPL,276.97,PUT,AAPL  260918P00255000,AAPL,2026-09-18,297,297,255.0,14.6,15.05,14.825,14.6,14.83,7,2877,25.323,-0.318,0.006,-0.038,0.89,-0.832,-21.97,36.57,False,S,A,3.732,29.0
AAPL,276.97,PUT,AAPL  260918P00260000,AAPL,2026-09-18,297,297,260.0,16.25,16.5,16.375,16.28,16.38,14,1791,24.726,-0.348,0.006,-0.039,0.922,-0.91,-16.97,33.25,False,S,A,3.732,29.0
AAPL,276.97,PUT,AAPL  260918P00265000,AAPL,2026-09-18,297,297,265.0,18.05,18.25,18.15,17.75,18.15,74,1566,24.225,-0.379,0.006,-0.039,0.949,-0.994,-11.97,29.72,False,S,A,3.732,29.0
AAPL,276.97,PUT,AAPL  260918P00270000,AAPL,2026-09-18,297,297,270.0,19.9,20.15,20.025,19.97,20.02,217,1004,23.676,-0.412,0.007,-0.039,0.971,-1.082,-6.97,26.94,False,S,A,3.732,29.0
AAPL,276.97,PUT,AAPL  260918P00275000,AAPL,2026-09-18,297,297,275.0,21.95,22.2,22.075,21.55,22.08,3,421,23.15,-0.446,0.007,-0.039,0.986,-1.175,-1.97,23.52,False,S,A,3.732,29.0
AAPL,276.97,PUT,AAPL  260918P00280000,AAPL,2026-09-18,297,297,280.0,24.15,24.85,24.5,23.5,24.5,14,363,22.84,-0.481,0.007,-0.039,0.994,-1.272,3.03,20.47,True,S,A,3.732,29.0
AAPL,276.97,PUT,AAPL  260918P00285000,AAPL,2026-09-18,297,297,285.0,26.35,27.25,26.8,26.2,26.8,6,254,22.234,-0.518,0.007,-0.038,0.994,-1.372,8.03,18.17,True,S,A,3.732,29.0
AAPL,276.97,PUT,AAPL  260918P00290000,AAPL,2026-09-18,297,297,290.0,29.05,29.8,29.425,28.3,29.43,66,147,29.889,-0.515,0.005,-0.05,0.994,-1.447,13.03,15.27,True,S,A,3.732,29.0
AAPL,276.97,PUT,AAPL  260918P00295000,AAPL,2026-09-18,297,297,295.0,31.6,32.6,32.1,31.4,32.1,5,37,29.467,-0.542,0.005,-0.05,0.989,-1.529,18.03,13.37,True,S,A,3.732,29.0
AAPL,276.97,PUT,AAPL  260918P00300000,AAPL,2026-09-18,297,297,300.0,34.5,34.95,34.725,34.1,34.73,106,514,29.097,-0.569,0.005,-0.048,0.98,-1.612,23.03,11.07,True,S,A,3.732,29.0
AAPL,276.97,PUT,AAPL  261218P00230000,AAPL,2026-12-18,388,388,230.0,10.9,11.1,11.0,10.8,11.0,24,3641,27.382,-0.214,0.004,-0.03,0.831,-0.744,-46.97,57.77,False,S,A,3.732,29.0
AAPL,276.97,PUT,AAPL  261218P00240000,AAPL,2026-12-18,388,388,240.0,13.35,13.5,13.425,13.45,13.43,87,6681,26.401,-0.256,0.004,-0.032,0.918,-0.894,-36.97,50.42,False,S,A,3.732,29.0
AAPL,276.97,PUT,AAPL  261218P00250000,AAPL,2026-12-18,388,388,250.0,16.15,16.35,16.25,16.05,16.25,78,2026,25.425,-0.303,0.005,-0.033,0.996,-1.062,-26.97,43.02,False,S,A,3.732,29.0
AAPL,276.97,PUT,AAPL  261218P00260000,AAPL,2026-12-18,388,388,260.0,19.4,19.65,19.525,19.5,19.52,320,3514,24.454,-0.356,0.005,-0.034,1.062,-1.251,-16.97,36.47,False,S,A,3.732,29.0
AAPL,276.97,PUT,AAPL  261218P00270000,AAPL,2026-12-18,388,388,270.0,23.15,23.4,23.275,23.15,23.28,143,1716,23.47,-0.413,0.006,-0.034,1.109,-1.46,-6.97,30.12,False,S,A,3.732,29.0
AAPL,276.97,PUT,AAPL  261218P00280000,AAPL,2026-12-18,388,388,280.0,27.05,28.15,27.6,27.2,27.6,20,332,22.518,-0.475,0.006,-0.034,1.133,-1.688,3.03,24.17,True,S,A,3.732,29.0
AAPL,276.97,PUT,AAPL  261218P00290000,AAPL,2026-12-18,388,388,290.0,32.25,32.6,32.425,32.02,32.42,30,120,31.096,-0.495,0.004,-0.046,1.135,-1.913,13.03,18.99,True,S,A,3.732,29.0
AAPL,276.97,PUT,AAPL  261218P00300000,AAPL,2026-12-18,388,388,300.0,37.8,38.05,37.925,37.35,37.92,11,5236,30.299,-0.541,0.005,-0.045,1.129,-2.108,23.03,14.32,True,S,A,3.732,29.0
AAPL,276.97,PUT,AAPL  261218P00310000,AAPL,2026-12-18,388,388,310.0,41.8,45.05,43.425,43.48,43.43,35,56,29.606,-0.587,0.005,-0.043,1.107,-2.307,33.03,10.45,True,S,A,3.732,29.0
AAPL,276.97,PUT,AAPL  261218P00320000,AAPL,2026-12-18,388,388,320.0,50.45,52.2,51.325,50.2,51.33,22,67,29.05,-0.632,0.005,-0.041,1.071,-2.508,43.03,7.17,True,S,A,3.732,29.0
AAPL,276.97,PUT,AAPL  270115P00230000,AAPL,2027-01-15,416,416,230.0,11.5,11.7,11.6,11.5,11.6,120,5539,27.054,-0.218,0.004,-0.029,0.87,-0.818,-46.97,58.47,False,S,A,3.732,29.0
AAPL,276.97,PUT,AAPL  270115P00240000,AAPL,2027-01-15,416,416,240.0,14.0,14.2,14.1,13.95,14.1,258,9324,26.113,-0.26,0.004,-0.031,0.957,-0.978,-36.97,50.92,False,S,A,3.732,29.0
AAPL,276.97,PUT,AAPL  270115P00250000,AAPL,2027-01-15,416,416,250.0,16.85,17.05,16.950000000000003,16.85,16.95,593,7973,25.132,-0.307,0.005,-0.032,1.035,-1.157,-26.97,43.82,False,S,A,3.732,29.0
AAPL,276.97,PUT,AAPL  270115P00260000,AAPL,2027-01-15,416,416,260.0,20.15,20.4,20.275,20.05,20.27,50,3317,24.19,-0.358,0.005,-0.033,1.101,-1.357,-16.97,37.02,False,S,A,3.732,29.0
AAPL,276.97,PUT,AAPL  270115P00270000,AAPL,2027-01-15,416,416,270.0,23.9,24.2,24.049999999999997,23.9,24.05,94,2297,23.22,-0.415,0.006,-0.033,1.148,-1.578,-6.97,30.87,False,S,A,3.732,29.0
AAPL,276.97,PUT,AAPL  270115P00280000,AAPL,2027-01-15,416,416,280.0,28.2,29.0,28.6,28.3,28.6,396,1571,22.463,-0.475,0.006,-0.033,1.172,-1.819,3.03,25.27,True,S,A,3.732,29.0
AAPL,276.97,PUT,AAPL  270115P00290000,AAPL,2027-01-15,416,416,290.0,33.05,33.4,33.224999999999994,33.0,33.22,129,1172,31.443,-0.49,0.004,-0.046,1.174,-2.057,13.03,19.97,True,S,A,3.732,29.0
AAPL,276.97,PUT,AAPL  270115P00300000,AAPL,2027-01-15,416,416,300.0,38.5,38.85,38.675,38.48,38.67,38,603,30.649,-0.535,0.004,-0.044,1.169,-2.259,23.03,15.45,True,S,A,3.732,29.0
AAPL,276.97,PUT,AAPL  270115P00310000,AAPL,2027-01-15,416,416,310.0,44.5,44.9,44.7,44.32,44.7,37,166,29.971,-0.578,0.004,-0.043,1.15,-2.466,33.03,11.29,True,S,A,3.732,29.0
AAPL,276.97,PUT,AAPL  270115P00320000,AAPL,2027-01-15,416,416,320.0,49.95,53.15,51.55,51.16,51.55,10,217,29.353,-0.622,0.004,-0.041,1.117,-2.676,43.03,8.13,True,S,A,3.732,29.0
AAPL,276.97,PUT,AAPL  270617P00230000,AAPL,2027-06-17,569,569,230.0,14.85,15.1,14.975,15.59,14.98,0,0,26.205,-0.237,0.003,-0.025,1.063,-1.25,-46.97,62.56,False,S,A,3.732,29.0
AAPL,276.97,PUT,AAPL  270617P00240000,AAPL,2027-06-17,569,569,240.0,17.6,17.85,17.725,17.65,17.73,6,696,25.34,-0.276,0.004,-0.026,1.151,-1.46,-36.97,54.62,False,S,A,3.732,29.0
AAPL,276.97,PUT,AAPL  270617P00250000,AAPL,2027-06-17,569,569,250.0,20.7,21.0,20.85,20.48,20.85,2,862,24.489,-0.318,0.004,-0.027,1.228,-1.692,-26.97,47.45,False,S,A,3.732,29.0
AAPL,276.97,PUT,AAPL  270617P00260000,AAPL,2027-06-17,569,569,260.0,24.2,24.55,24.375,23.9,24.38,72,515,23.647,-0.365,0.005,-0.028,1.293,-1.946,-16.97,40.87,False,S,A,3.732,29.0
AAPL,276.97,PUT,AAPL  270617P00270000,AAPL,2027-06-17,569,569,270.0,28.15,28.45,28.299999999999997,27.85,28.3,2,801,22.786,-0.414,0.005,-0.028,1.34,-2.222,-6.97,34.82,False,S,A,3.732,29.0
AAPL,276.97,PUT,AAPL  270617P00280000,AAPL,2027-06-17,569,569,280.0,32.45,32.85,32.650000000000006,32.15,32.65,12,715,21.904,-0.468,0.005,-0.028,1.365,-2.519,3.03,29.12,True,S,A,3.732,29.0
AAPL,276.97,PUT,AAPL  270617P00290000,AAPL,2027-06-17,569,569,290.0,37.3,37.7,37.5,36.9,37.5,20,345,21.032,-0.524,0.005,-0.027,1.366,-2.836,13.03,23.87,True,S,A,3.732,29.0
AAPL,276.97,PUT,AAPL  270617P00300000,AAPL,2027-06-17,569,569,300.0,42.55,43.0,42.775,42.69,42.78,6,99,31.865,-0.504,0.004,-0.04,1.369,-3.083,23.03,19.66,True,S,A,3.732,29.0
AAPL,276.97,PUT,AAPL  270617P00310000,AAPL,2027-06-17,569,569,310.0,48.35,48.85,48.6,47.53,48.6,6,146,31.161,-0.541,0.004,-0.039,1.361,-3.333,33.03,14.5,True,S,A,3.732,29.0
AAPL,276.97,PUT,AAPL  270617P00320000,AAPL,2027-06-17,569,569,320.0,54.65,55.15,54.9,54.67,54.9,2,0,30.579,-0.577,0.004,-0.038,1.341,-3.587,43.03,11.64,True,S,A,3.732,29.0
AAPL,276.97,PUT,AAPL  271217P00255000,AAPL,2027-12-17,752,752,255.0,26.35,26.75,26.55,26.2,26.55,55,375,23.417,-0.347,0.004,-0.024,1.457,-2.517,-21.97,48.17,False,S,A,3.732,29.0
AAPL,276.97,PUT,AAPL  271217P00260000,AAPL,2027-12-17,752,752,260.0,27.95,28.65,28.299999999999997,28.25,28.3,1,0,22.937,-0.369,0.004,-0.024,1.487,-2.675,-16.97,45.22,False,S,A,3.732,29.0
AAPL,276.97,PUT,AAPL  271217P00265000,AAPL,2027-12-17,752,752,265.0,29.2,30.65,29.924999999999997,30.15,29.92,1,328,22.315,-0.391,0.004,-0.024,1.513,-2.836,-11.97,42.12,False,S,A,3.732,29.0
AAPL,276.97,PUT,AAPL  271217P00270000,AAPL,2027-12-17,752,752,270.0,31.95,32.7,32.325,32.44,32.33,3,523,22.142,-0.414,0.004,-0.024,1.535,-3.015,-6.97,39.41,False,S,A,3.732,29.0
AAPL,276.97,PUT,AAPL  271217P00275000,AAPL,2027-12-17,752,752,275.0,34.15,34.9,34.525,34.2,34.53,2,0,21.769,-0.437,0.005,-0.024,1.551,-3.194,-1.97,36.17,False,S,A,3.732,29.0
AAPL,276.97,PUT,AAPL  271217P00280000,AAPL,2027-12-17,752,752,280.0,36.35,37.15,36.75,36.65,36.75,1,0,21.345,-0.462,0.005,-0.024,1.562,-3.378,3.03,33.62,True,S,A,3.732,29.0
AAPL,276.97,PUT,AAPL  271217P00285000,AAPL,2027-12-17,752,752,285.0,39.05,39.55,39.3,38.79,39.3,23,326,21.06,-0.486,0.005,-0.024,1.567,-3.569,8.03,30.76,True,S,A,3.732,29.0
AAPL,276.97,PUT,AAPL  271217P00290000,AAPL,2027-12-17,752,752,290.0,41.5,42.0,41.75,40.92,41.75,2,0,20.642,-0.511,0.005,-0.023,1.566,-3.763,13.03,27.89,True,S,A,3.732,29.0
AAPL,276.97,PUT,AAPL  271217P00295000,AAPL,2027-12-17,752,752,295.0,44.05,44.6,44.325,44.65,44.33,0,0,20.231,-0.537,0.005,-0.023,1.558,-3.963,18.03,26.62,True,S,A,3.732,29.0
AAPL,276.97,PUT,AAPL  271217P00300000,AAPL,2027-12-17,752,752,300.0,46.7,47.25,46.975,46.45,46.98,20,316,33.09,-0.476,0.003,-0.036,1.566,-4.099,23.03,23.42,True,S,A,3.732,29.0
AAPL,276.97,PUT,AAPL  280121P00230000,AAPL,2028-01-21,787,787,230.0,18.8,19.15,18.975,18.95,18.98,31,347,25.158,-0.253,0.003,-0.022,1.292,-1.909,-46.97,65.92,False,S,A,3.732,29.0
AAPL,276.97,PUT,AAPL  280121P00240000,AAPL,2028-01-21,787,787,240.0,21.8,22.2,22.0,21.52,22.0,9,0,24.385,-0.289,0.003,-0.023,1.38,-2.188,-36.97,58.49,False,S,A,3.732,29.0
AAPL,276.97,PUT,AAPL  280121P00250000,AAPL,2028-01-21,787,787,250.0,24.85,25.6,25.225,24.95,25.23,4,2814,23.528,-0.327,0.004,-0.023,1.457,-2.488,-26.97,51.92,False,S,A,3.732,29.0
AAPL,276.97,PUT,AAPL  280121P00260000,AAPL,2028-01-21,787,787,260.0,28.75,29.3,29.025,28.97,29.03,4,790,22.828,-0.369,0.004,-0.024,1.521,-2.819,-16.97,45.94,False,S,A,3.732,29.0
AAPL,276.97,PUT,AAPL  280121P00270000,AAPL,2028-01-21,787,787,270.0,31.8,33.4,32.6,33.0,32.6,5,351,21.743,-0.414,0.004,-0.023,1.569,-3.164,-6.97,39.97,False,S,A,3.732,29.0
AAPL,276.97,PUT,AAPL  280121P00280000,AAPL,2028-01-21,787,787,280.0,37.3,37.85,37.575,37.38,37.58,52,960,21.299,-0.461,0.005,-0.023,1.596,-3.547,3.03,34.35,True,S,A,3.732,29.0
AAPL,276.97,PUT,AAPL  280121P00290000,AAPL,2028-01-21,787,787,290.0,42.15,42.7,42.425,42.25,42.43,1,0,20.508,-0.51,0.005,-0.023,1.6,-3.945,13.03,29.22,True,S,A,3.732,29.0
AAPL,276.97,PUT,AAPL  280121P00300000,AAPL,2028-01-21,787,787,300.0,47.35,47.95,47.650000000000006,47.14,47.65,14,650,33.289,-0.471,0.003,-0.036,1.599,-4.298,23.03,24.11,True,S,A,3.732,29.0
AAPL,276.97,PUT,AAPL  280121P00310000,AAPL,2028-01-21,787,787,310.0,52.95,55.1,54.025000000000006,52.95,54.03,2,50,32.458,-0.503,0.003,-0.035,1.601,-4.602,33.03,19.92,True,S,A,3.732,29.0
AAPL,276.97,PUT,AAPL  280121P00320000,AAPL,2028-01-21,787,787,320.0,58.55,59.65,59.099999999999994,59.05,59.1,3,40,32.086,-0.532,0.003,-0.035,1.595,-4.912,43.03,16.02,True,S,A,3.732,29.0
